2025-11-16 | ERROR | Error in test_nonexistent_page : assert 6 == 0
 +  where 6 = len([{'id': 4001, 'category': 'other', 'name': 'Iced Tea', 'isAvailable': True}, {'id': 4002, 'category': 'other', 'name': 'Hot Chocolate', 'isAvailable': True}, {'id': 4003, 'category': 'other', 'name': 'Chai Latte', 'isAvailable': True}, {'id': 4004, 'category': 'other', 'name': 'Green Tea', 'isAvailable': True}, {'id': 4005, 'category': 'other', 'name': 'Black Tea', 'isAvailable': True}, {'id': 4006, 'category': 'other', 'name': 'Herbal Tea', 'isAvailable': True}])
2025-11-16 | ERROR | Error in test_nonexistent_limit : assert 10 == 0
 +  where 10 = len([{'id': 1001, 'category': 'coffee', 'name': 'Espresso', 'isAvailable': True}, {'id': 1002, 'category': 'coffee', 'name': 'Cappuccino', 'isAvailable': True}, {'id': 1003, 'category': 'coffee', 'name': 'Latte', 'isAvailable': True}, {'id': 1004, 'category': 'coffee', 'name': 'Americano', 'isAvailable': True}, {'id': 1005, 'category': 'coffee', 'name': 'Mocha', 'isAvailable': True}, {'id': 1006, 'category': 'coffee', 'name': 'Macchiato', 'isAvailable': True}, {'id': 1007, 'category': 'coffee', 'name': 'Cortado', 'isAvailable': True}, {'id': 1008, 'category': 'coffee', 'name': 'Flat White', 'isAvailable': True}, {'id': 1009, 'category': 'coffee', 'name': 'Iced Coffee', 'isAvailable': True}, {'id': 1010, 'category': 'coffee', 'name': 'Cold Brew', 'isAvailable': True}])
2025-11-16 | ERROR | Error in test_nonexistent_limit : assert 10 == 0
 +  where 10 = len([{'id': 1001, 'category': 'coffee', 'name': 'Espresso', 'isAvailable': True}, {'id': 1002, 'category': 'coffee', 'name': 'Cappuccino', 'isAvailable': True}, {'id': 1003, 'category': 'coffee', 'name': 'Latte', 'isAvailable': True}, {'id': 1004, 'category': 'coffee', 'name': 'Americano', 'isAvailable': True}, {'id': 1005, 'category': 'coffee', 'name': 'Mocha', 'isAvailable': True}, {'id': 1006, 'category': 'coffee', 'name': 'Macchiato', 'isAvailable': True}, {'id': 1007, 'category': 'coffee', 'name': 'Cortado', 'isAvailable': True}, {'id': 1008, 'category': 'coffee', 'name': 'Flat White', 'isAvailable': True}, {'id': 1009, 'category': 'coffee', 'name': 'Iced Coffee', 'isAvailable': True}, {'id': 1010, 'category': 'coffee', 'name': 'Cold Brew', 'isAvailable': True}])
2025-11-16 | ERROR | Error in test_nonexistent_limit : assert 10 == 0
 +  where 10 = len([{'id': 1001, 'category': 'coffee', 'name': 'Espresso', 'isAvailable': True}, {'id': 1002, 'category': 'coffee', 'name': 'Cappuccino', 'isAvailable': True}, {'id': 1003, 'category': 'coffee', 'name': 'Latte', 'isAvailable': True}, {'id': 1004, 'category': 'coffee', 'name': 'Americano', 'isAvailable': True}, {'id': 1005, 'category': 'coffee', 'name': 'Mocha', 'isAvailable': True}, {'id': 1006, 'category': 'coffee', 'name': 'Macchiato', 'isAvailable': True}, {'id': 1007, 'category': 'coffee', 'name': 'Cortado', 'isAvailable': True}, {'id': 1008, 'category': 'coffee', 'name': 'Flat White', 'isAvailable': True}, {'id': 1009, 'category': 'coffee', 'name': 'Iced Coffee', 'isAvailable': True}, {'id': 1010, 'category': 'coffee', 'name': 'Cold Brew', 'isAvailable': True}])
2025-11-16 | ERROR | Error in test_nonexistent_limit : assert 33 == 0
 +  where 33 = len([{'id': 1001, 'category': 'coffee', 'name': 'Espresso', 'isAvailable': True}, {'id': 1002, 'category': 'coffee', 'name': 'Cappuccino', 'isAvailable': True}, {'id': 1003, 'category': 'coffee', 'name': 'Latte', 'isAvailable': True}, {'id': 1004, 'category': 'coffee', 'name': 'Americano', 'isAvailable': True}, {'id': 1005, 'category': 'coffee', 'name': 'Mocha', 'isAvailable': True}, {'id': 1006, 'category': 'coffee', 'name': 'Macchiato', 'isAvailable': True}, {'id': 1007, 'category': 'coffee', 'name': 'Cortado', 'isAvailable': True}, {'id': 1008, 'category': 'coffee', 'name': 'Flat White', 'isAvailable': True}, {'id': 1009, 'category': 'coffee', 'name': 'Iced Coffee', 'isAvailable': True}, {'id': 1010, 'category': 'coffee', 'name': 'Cold Brew', 'isAvailable': True}, {'id': 2001, 'category': 'cookie', 'name': 'Chocolate Chip', 'isAvailable': True}, {'id': 2002, 'category': 'cookie', 'name': 'Oatmeal Raisin', 'isAvailable': True}, {'id': 2003, 'category': 'cookie', 'name': 'Peanut Butter', 'isAvailable': True}, {'id': 2004, 'category': 'cookie', 'name': 'White Chocolate Macadamia', 'isAvailable': True}, {'id': 2005, 'category': 'cookie', 'name': 'Snickerdoodle', 'isAvailable': True}, {'id': 2006, 'category': 'cookie', 'name': 'Sugar Cookie', 'isAvailable': True}, {'id': 2007, 'category': 'cookie', 'name': 'Double Chocolate', 'isAvailable': True}, {'id': 2008, 'category': 'cookie', 'name': 'Gingerbread', 'isAvailable': True}, {'id': 2009, 'category': 'cookie', 'name': 'Lemon Poppy Seed', 'isAvailable': True}, {'id': 2010, 'category': 'cookie', 'name': 'Almond', 'isAvailable': True}, {'id': 3001, 'category': 'pastry', 'name': 'Croissant', 'isAvailable': True}, {'id': 3002, 'category': 'pastry', 'name': 'Bagel', 'isAvailable': True}, {'id': 3003, 'category': 'pastry', 'name': 'Muffin', 'isAvailable': True}, {'id': 3004, 'category': 'pastry', 'name': 'Scone', 'isAvailable': True}, {'id': 3005, 'category': 'pastry', 'name': 'Danish Pastry', 'isAvailable': True}, {'id': 3006, 'category': 'pastry', 'name': 'Cinnamon Roll', 'isAvailable': True}, {'id': 3007, 'category': 'pastry', 'name': 'Apple Turnover', 'isAvailable': True}, {'id': 4001, 'category': 'other', 'name': 'Iced Tea', 'isAvailable': True}, {'id': 4002, 'category': 'other', 'name': 'Hot Chocolate', 'isAvailable': True}, {'id': 4003, 'category': 'other', 'name': 'Chai Latte', 'isAvailable': True}, {'id': 4004, 'category': 'other', 'name': 'Green Tea', 'isAvailable': True}, {'id': 4005, 'category': 'other', 'name': 'Black Tea', 'isAvailable': True}, {'id': 4006, 'category': 'other', 'name': 'Herbal Tea', 'isAvailable': True}])
2025-11-16 | ERROR | Error in test_nonexistent_limit : assert 10 == 33
 +  where 10 = len([{'id': 1001, 'category': 'coffee', 'name': 'Espresso', 'isAvailable': True}, {'id': 1002, 'category': 'coffee', 'name': 'Cappuccino', 'isAvailable': True}, {'id': 1003, 'category': 'coffee', 'name': 'Latte', 'isAvailable': True}, {'id': 1004, 'category': 'coffee', 'name': 'Americano', 'isAvailable': True}, {'id': 1005, 'category': 'coffee', 'name': 'Mocha', 'isAvailable': True}, {'id': 1006, 'category': 'coffee', 'name': 'Macchiato', 'isAvailable': True}, {'id': 1007, 'category': 'coffee', 'name': 'Cortado', 'isAvailable': True}, {'id': 1008, 'category': 'coffee', 'name': 'Flat White', 'isAvailable': True}, {'id': 1009, 'category': 'coffee', 'name': 'Iced Coffee', 'isAvailable': True}, {'id': 1010, 'category': 'coffee', 'name': 'Cold Brew', 'isAvailable': True}])
2025-11-16 | ERROR | Error in test_nonexistent_product : assert 400 == <HTTPStatus.NOT_FOUND: 404>
 +  where 400 = <Response [400]>.status_code
2025-11-16 | ERROR | Error in test_nonexistent_product : assert 400 == <HTTPStatus.NOT_FOUND: 404>
 +  where 400 = <Response [400]>.status_code
2025-11-16 | ERROR | Error in test_register_invalid_user : 'body' must be a bytes-like object, file-like object, or iterable. Instead was 12345
2025-11-16 | ERROR | Error in test_register_invalid_user : 'body' must be a bytes-like object, file-like object, or iterable. Instead was True
2025-11-16 | ERROR | Error in test_invalid_products_for_order : 'error'
2025-11-16 | ERROR | Error in test_invalid_products_for_order : 'error'
2025-11-16 | ERROR | Error in test_create_order_with_get_method : assert 200 == <HTTPStatus.METHOD_NOT_ALLOWED: 405>
 +  where 200 = <Response [200]>.status_code
 +  and   <HTTPStatus.METHOD_NOT_ALLOWED: 405> = HTTPStatus.METHOD_NOT_ALLOWED
2025-11-16 | ERROR | Error in test_order_by_wrong_id : assert 200 == <HTTPStatus.NOT_FOUND: 404>
 +  where 200 = <Response [200]>.status_code
2025-11-16 | ERROR | Error in test_nonexistent_product : assert 400 == <HTTPStatus.NOT_FOUND: 404>
 +  where 400 = <Response [400]>.status_code
2025-11-16 | ERROR | Error in test_nonexistent_product : assert 400 == <HTTPStatus.NOT_FOUND: 404>
 +  where 400 = <Response [400]>.status_code
2025-11-16 | ERROR | Error in test_nonexistent_page : assert 10 == 0
 +  where 10 = len([{'category': 'coffee', 'id': 1001, 'isAvailable': True, 'name': 'Espresso'}, {'category': 'coffee', 'id': 1002, 'isAv...sAvailable': True, 'name': 'Mocha'}, {'category': 'coffee', 'id': 1006, 'isAvailable': True, 'name': 'Macchiato'}, ...])
2025-11-16 | ERROR | Error in test_nonexistent_page : assert 7 == 10
 +  where 7 = len([{'category': 'pastry', 'id': 3001, 'isAvailable': True, 'name': 'Croissant'}, {'category': 'pastry', 'id': 3002, 'isA... True, 'name': 'Danish Pastry'}, {'category': 'pastry', 'id': 3006, 'isAvailable': True, 'name': 'Cinnamon Roll'}, ...])
2025-11-16 | ERROR | Error in test_nonexistent_limit : assert 10 == 0
 +  where 10 = len([{'category': 'coffee', 'id': 1001, 'isAvailable': True, 'name': 'Espresso'}, {'category': 'coffee', 'id': 1002, 'isAv...sAvailable': True, 'name': 'Mocha'}, {'category': 'coffee', 'id': 1006, 'isAvailable': True, 'name': 'Macchiato'}, ...])
2025-11-16 | ERROR | Error in test_nonexistent_limit : assert 10 == 0
 +  where 10 = len([{'category': 'coffee', 'id': 1001, 'isAvailable': True, 'name': 'Espresso'}, {'category': 'coffee', 'id': 1002, 'isAv...sAvailable': True, 'name': 'Mocha'}, {'category': 'coffee', 'id': 1006, 'isAvailable': True, 'name': 'Macchiato'}, ...])
2025-11-16 | ERROR | Error in test_nonexistent_limit : assert 10 == 0
 +  where 10 = len([{'category': 'coffee', 'id': 1001, 'isAvailable': True, 'name': 'Espresso'}, {'category': 'coffee', 'id': 1002, 'isAv...sAvailable': True, 'name': 'Mocha'}, {'category': 'coffee', 'id': 1006, 'isAvailable': True, 'name': 'Macchiato'}, ...])
2025-11-16 | ERROR | Error in test_nonexistent_limit : assert 33 == 0
 +  where 33 = len([{'category': 'coffee', 'id': 1001, 'isAvailable': True, 'name': 'Espresso'}, {'category': 'coffee', 'id': 1002, 'isAv...sAvailable': True, 'name': 'Mocha'}, {'category': 'coffee', 'id': 1006, 'isAvailable': True, 'name': 'Macchiato'}, ...])
2025-11-16 | ERROR | Error in test_nonexistent_limit : assert 10 == 33
 +  where 10 = len([{'category': 'coffee', 'id': 1001, 'isAvailable': True, 'name': 'Espresso'}, {'category': 'coffee', 'id': 1002, 'isAv...sAvailable': True, 'name': 'Mocha'}, {'category': 'coffee', 'id': 1006, 'isAvailable': True, 'name': 'Macchiato'}, ...])
2025-11-16 | ERROR | Error in test_register_invalid_user : 'body' must be a bytes-like object, file-like object, or iterable. Instead was 12345
2025-11-16 | ERROR | Error in test_register_invalid_user : 'body' must be a bytes-like object, file-like object, or iterable. Instead was True
2025-11-16 | ERROR | Error in test_invalid_products_for_order : 'error'
2025-11-16 | ERROR | Error in test_invalid_products_for_order : 'error'
2025-11-16 | ERROR | Error in test_create_order_with_get_method : assert 200 == <HTTPStatus.METHOD_NOT_ALLOWED: 405>
 +  where 200 = <Response [200]>.status_code
 +  and   <HTTPStatus.METHOD_NOT_ALLOWED: 405> = HTTPStatus.METHOD_NOT_ALLOWED
2025-11-16 | ERROR | Error in test_order_by_wrong_id : assert 200 == <HTTPStatus.NOT_FOUND: 404>
 +  where 200 = <Response [200]>.status_code
2025-11-17 | ERROR | Error in test_single_product_wrong_method : assert 400 == <HTTPStatus.METHOD_NOT_ALLOWED: 405>
 +  where 400 = <Response [400]>.status_code
 +  and   <HTTPStatus.METHOD_NOT_ALLOWED: 405> = HTTPStatus.METHOD_NOT_ALLOWED
2025-11-17 | ERROR | Error in test_single_product_wrong_method : assert 200 == <HTTPStatus.METHOD_NOT_ALLOWED: 405>
 +  where 200 = <Response [200]>.status_code
 +  and   <HTTPStatus.METHOD_NOT_ALLOWED: 405> = HTTPStatus.METHOD_NOT_ALLOWED
2025-11-17 | ERROR | Error in test_single_product_wrong_method : assert 404 == <HTTPStatus.METHOD_NOT_ALLOWED: 405>
 +  where 404 = <Response [404]>.status_code
 +  and   <HTTPStatus.METHOD_NOT_ALLOWED: 405> = HTTPStatus.METHOD_NOT_ALLOWED
2025-11-17 | ERROR | Error in test_single_product_wrong_method : Expecting value: line 1 column 1 (char 0)
2025-11-17 | ERROR | Error in test_register_invalid_user : 'body' must be a bytes-like object, file-like object, or iterable. Instead was 12345
2025-11-17 | ERROR | Error in test_register_invalid_user : 'body' must be a bytes-like object, file-like object, or iterable. Instead was True
2025-11-17 | ERROR | Error in test_register_invalid_user : 'body' must be a bytes-like object, file-like object, or iterable. Instead was <bound method Generator.generate_long_email of <data.generator.generator.Generator object at 0x00000178D5463ED0>>
2025-11-17 | ERROR | Error in test_register_invalid_user : 'body' must be a bytes-like object, file-like object, or iterable. Instead was 12345
2025-11-17 | ERROR | Error in test_register_invalid_user : 'body' must be a bytes-like object, file-like object, or iterable. Instead was True
2025-11-17 | ERROR | Error in test_register_user_wrong_method : assert 404 == <HTTPStatus.METHOD_NOT_ALLOWED: 405>
 +  where 404 = <Response [404]>.status_code
 +  and   <HTTPStatus.METHOD_NOT_ALLOWED: 405> = HTTPStatus.METHOD_NOT_ALLOWED
2025-11-17 | ERROR | Error in test_create_order_wrong_method : assert 200 == <HTTPStatus.BAD_REQUEST: 400>
 +  where 200 = <Response [200]>.status_code
 +  and   <HTTPStatus.BAD_REQUEST: 400> = HTTPStatus.BAD_REQUEST
2025-11-17 | ERROR | Error in test_create_order_invalid_name : assert 400 == <HTTPStatus.CREATED: 201>
 +  where 400 = <Response [400]>.status_code
2025-11-17 | ERROR | Error in test_create_order_invalid_name : assert 500 == <HTTPStatus.BAD_REQUEST: 400>
 +  where 500 = <Response [500]>.status_code
2025-11-17 | ERROR | Error in test_create_order_invalid_name : assert 201 == <HTTPStatus.BAD_REQUEST: 400>
 +  where 201 = <Response [201]>.status_code
2025-11-17 | ERROR | Error in test_create_order_invalid_name : assert 500 == <HTTPStatus.BAD_REQUEST: 400>
 +  where 500 = <Response [500]>.status_code
2025-11-17 | ERROR | Error in test_create_order_invalid_name : assert 201 == <HTTPStatus.BAD_REQUEST: 400>
 +  where 201 = <Response [201]>.status_code
2025-11-17 | ERROR | Error in test_nonexistent_page : assert 10 == 0
 +  where 10 = len([{'id': 2001, 'category': 'cookie', 'name': 'Chocolate Chip', 'isAvailable': True}, {'id': 2002, 'category': 'cookie', 'name': 'Oatmeal Raisin', 'isAvailable': True}, {'id': 2003, 'category': 'cookie', 'name': 'Peanut Butter', 'isAvailable': True}, {'id': 2004, 'category': 'cookie', 'name': 'White Chocolate Macadamia', 'isAvailable': True}, {'id': 2005, 'category': 'cookie', 'name': 'Snickerdoodle', 'isAvailable': True}, {'id': 2006, 'category': 'cookie', 'name': 'Sugar Cookie', 'isAvailable': True}, {'id': 2007, 'category': 'cookie', 'name': 'Double Chocolate', 'isAvailable': True}, {'id': 2008, 'category': 'cookie', 'name': 'Gingerbread', 'isAvailable': True}, {'id': 2009, 'category': 'cookie', 'name': 'Lemon Poppy Seed', 'isAvailable': True}, {'id': 2010, 'category': 'cookie', 'name': 'Almond', 'isAvailable': True}])
2025-11-17 | ERROR | Error in test_nonexistent_page : assert 10 == 0
 +  where 10 = len([{'id': 2001, 'category': 'cookie', 'name': 'Chocolate Chip', 'isAvailable': True}, {'id': 2002, 'category': 'cookie', 'name': 'Oatmeal Raisin', 'isAvailable': True}, {'id': 2003, 'category': 'cookie', 'name': 'Peanut Butter', 'isAvailable': True}, {'id': 2004, 'category': 'cookie', 'name': 'White Chocolate Macadamia', 'isAvailable': True}, {'id': 2005, 'category': 'cookie', 'name': 'Snickerdoodle', 'isAvailable': True}, {'id': 2006, 'category': 'cookie', 'name': 'Sugar Cookie', 'isAvailable': True}, {'id': 2007, 'category': 'cookie', 'name': 'Double Chocolate', 'isAvailable': True}, {'id': 2008, 'category': 'cookie', 'name': 'Gingerbread', 'isAvailable': True}, {'id': 2009, 'category': 'cookie', 'name': 'Lemon Poppy Seed', 'isAvailable': True}, {'id': 2010, 'category': 'cookie', 'name': 'Almond', 'isAvailable': True}])
2025-11-17 | ERROR | Error in test_nonexistent_limit : assert 10 == 0
 +  where 10 = len([{'id': 1001, 'category': 'coffee', 'name': 'Espresso', 'isAvailable': True}, {'id': 1002, 'category': 'coffee', 'name': 'Cappuccino', 'isAvailable': True}, {'id': 1003, 'category': 'coffee', 'name': 'Latte', 'isAvailable': True}, {'id': 1004, 'category': 'coffee', 'name': 'Americano', 'isAvailable': True}, {'id': 1005, 'category': 'coffee', 'name': 'Mocha', 'isAvailable': True}, {'id': 1006, 'category': 'coffee', 'name': 'Macchiato', 'isAvailable': True}, {'id': 1007, 'category': 'coffee', 'name': 'Cortado', 'isAvailable': True}, {'id': 1008, 'category': 'coffee', 'name': 'Flat White', 'isAvailable': True}, {'id': 1009, 'category': 'coffee', 'name': 'Iced Coffee', 'isAvailable': True}, {'id': 1010, 'category': 'coffee', 'name': 'Cold Brew', 'isAvailable': True}])
2025-11-17 | ERROR | Error in test_nonexistent_limit : assert 10 == 0
 +  where 10 = len([{'id': 1001, 'category': 'coffee', 'name': 'Espresso', 'isAvailable': True}, {'id': 1002, 'category': 'coffee', 'name': 'Cappuccino', 'isAvailable': True}, {'id': 1003, 'category': 'coffee', 'name': 'Latte', 'isAvailable': True}, {'id': 1004, 'category': 'coffee', 'name': 'Americano', 'isAvailable': True}, {'id': 1005, 'category': 'coffee', 'name': 'Mocha', 'isAvailable': True}, {'id': 1006, 'category': 'coffee', 'name': 'Macchiato', 'isAvailable': True}, {'id': 1007, 'category': 'coffee', 'name': 'Cortado', 'isAvailable': True}, {'id': 1008, 'category': 'coffee', 'name': 'Flat White', 'isAvailable': True}, {'id': 1009, 'category': 'coffee', 'name': 'Iced Coffee', 'isAvailable': True}, {'id': 1010, 'category': 'coffee', 'name': 'Cold Brew', 'isAvailable': True}])
2025-11-17 | ERROR | Error in test_nonexistent_limit : assert 10 == 0
 +  where 10 = len([{'id': 1001, 'category': 'coffee', 'name': 'Espresso', 'isAvailable': True}, {'id': 1002, 'category': 'coffee', 'name': 'Cappuccino', 'isAvailable': True}, {'id': 1003, 'category': 'coffee', 'name': 'Latte', 'isAvailable': True}, {'id': 1004, 'category': 'coffee', 'name': 'Americano', 'isAvailable': True}, {'id': 1005, 'category': 'coffee', 'name': 'Mocha', 'isAvailable': True}, {'id': 1006, 'category': 'coffee', 'name': 'Macchiato', 'isAvailable': True}, {'id': 1007, 'category': 'coffee', 'name': 'Cortado', 'isAvailable': True}, {'id': 1008, 'category': 'coffee', 'name': 'Flat White', 'isAvailable': True}, {'id': 1009, 'category': 'coffee', 'name': 'Iced Coffee', 'isAvailable': True}, {'id': 1010, 'category': 'coffee', 'name': 'Cold Brew', 'isAvailable': True}])
2025-11-17 | ERROR | Error in test_nonexistent_limit : assert 33 == 0
 +  where 33 = len([{'id': 1001, 'category': 'coffee', 'name': 'Espresso', 'isAvailable': True}, {'id': 1002, 'category': 'coffee', 'name': 'Cappuccino', 'isAvailable': True}, {'id': 1003, 'category': 'coffee', 'name': 'Latte', 'isAvailable': True}, {'id': 1004, 'category': 'coffee', 'name': 'Americano', 'isAvailable': True}, {'id': 1005, 'category': 'coffee', 'name': 'Mocha', 'isAvailable': True}, {'id': 1006, 'category': 'coffee', 'name': 'Macchiato', 'isAvailable': True}, {'id': 1007, 'category': 'coffee', 'name': 'Cortado', 'isAvailable': True}, {'id': 1008, 'category': 'coffee', 'name': 'Flat White', 'isAvailable': True}, {'id': 1009, 'category': 'coffee', 'name': 'Iced Coffee', 'isAvailable': True}, {'id': 1010, 'category': 'coffee', 'name': 'Cold Brew', 'isAvailable': True}, {'id': 2001, 'category': 'cookie', 'name': 'Chocolate Chip', 'isAvailable': True}, {'id': 2002, 'category': 'cookie', 'name': 'Oatmeal Raisin', 'isAvailable': True}, {'id': 2003, 'category': 'cookie', 'name': 'Peanut Butter', 'isAvailable': True}, {'id': 2004, 'category': 'cookie', 'name': 'White Chocolate Macadamia', 'isAvailable': True}, {'id': 2005, 'category': 'cookie', 'name': 'Snickerdoodle', 'isAvailable': True}, {'id': 2006, 'category': 'cookie', 'name': 'Sugar Cookie', 'isAvailable': True}, {'id': 2007, 'category': 'cookie', 'name': 'Double Chocolate', 'isAvailable': True}, {'id': 2008, 'category': 'cookie', 'name': 'Gingerbread', 'isAvailable': True}, {'id': 2009, 'category': 'cookie', 'name': 'Lemon Poppy Seed', 'isAvailable': True}, {'id': 2010, 'category': 'cookie', 'name': 'Almond', 'isAvailable': True}, {'id': 3001, 'category': 'pastry', 'name': 'Croissant', 'isAvailable': True}, {'id': 3002, 'category': 'pastry', 'name': 'Bagel', 'isAvailable': True}, {'id': 3003, 'category': 'pastry', 'name': 'Muffin', 'isAvailable': True}, {'id': 3004, 'category': 'pastry', 'name': 'Scone', 'isAvailable': True}, {'id': 3005, 'category': 'pastry', 'name': 'Danish Pastry', 'isAvailable': True}, {'id': 3006, 'category': 'pastry', 'name': 'Cinnamon Roll', 'isAvailable': True}, {'id': 3007, 'category': 'pastry', 'name': 'Apple Turnover', 'isAvailable': True}, {'id': 4001, 'category': 'other', 'name': 'Iced Tea', 'isAvailable': True}, {'id': 4002, 'category': 'other', 'name': 'Hot Chocolate', 'isAvailable': True}, {'id': 4003, 'category': 'other', 'name': 'Chai Latte', 'isAvailable': True}, {'id': 4004, 'category': 'other', 'name': 'Green Tea', 'isAvailable': True}, {'id': 4005, 'category': 'other', 'name': 'Black Tea', 'isAvailable': True}, {'id': 4006, 'category': 'other', 'name': 'Herbal Tea', 'isAvailable': True}])
2025-11-17 | ERROR | Error in test_nonexistent_limit : assert 10 == 33
 +  where 10 = len([{'id': 1001, 'category': 'coffee', 'name': 'Espresso', 'isAvailable': True}, {'id': 1002, 'category': 'coffee', 'name': 'Cappuccino', 'isAvailable': True}, {'id': 1003, 'category': 'coffee', 'name': 'Latte', 'isAvailable': True}, {'id': 1004, 'category': 'coffee', 'name': 'Americano', 'isAvailable': True}, {'id': 1005, 'category': 'coffee', 'name': 'Mocha', 'isAvailable': True}, {'id': 1006, 'category': 'coffee', 'name': 'Macchiato', 'isAvailable': True}, {'id': 1007, 'category': 'coffee', 'name': 'Cortado', 'isAvailable': True}, {'id': 1008, 'category': 'coffee', 'name': 'Flat White', 'isAvailable': True}, {'id': 1009, 'category': 'coffee', 'name': 'Iced Coffee', 'isAvailable': True}, {'id': 1010, 'category': 'coffee', 'name': 'Cold Brew', 'isAvailable': True}])
2025-11-17 | ERROR | Error in test_register_invalid_user : 'body' must be a bytes-like object, file-like object, or iterable. Instead was 12345
2025-11-17 | ERROR | Error in test_register_invalid_user : 'body' must be a bytes-like object, file-like object, or iterable. Instead was True
2025-11-17 | ERROR | Error in test_invalid_products_for_order : 'error'
2025-11-17 | ERROR | Error in test_invalid_products_for_order : 'error'
2025-11-17 | ERROR | Error in test_invalid_products_for_order : 'error'
2025-11-17 | ERROR | Error in test_create_order_with_get_method : assert 200 == <HTTPStatus.METHOD_NOT_ALLOWED: 405>
 +  where 200 = <Response [200]>.status_code
 +  and   <HTTPStatus.METHOD_NOT_ALLOWED: 405> = HTTPStatus.METHOD_NOT_ALLOWED
2025-11-17 | ERROR | Error in test_create_order_wrong_method : assert 200 == <HTTPStatus.METHOD_NOT_ALLOWED: 405>
 +  where 200 = <Response [200]>.status_code
 +  and   <HTTPStatus.METHOD_NOT_ALLOWED: 405> = HTTPStatus.METHOD_NOT_ALLOWED
2025-11-17 | ERROR | Error in test_create_order_invalid_name : assert 500 == <HTTPStatus.BAD_REQUEST: 400>
 +  where 500 = <Response [500]>.status_code
2025-11-17 | ERROR | Error in test_create_order_invalid_name : assert 201 == <HTTPStatus.BAD_REQUEST: 400>
 +  where 201 = <Response [201]>.status_code
2025-11-17 | ERROR | Error in test_create_order_invalid_name : assert 500 == <HTTPStatus.BAD_REQUEST: 400>
 +  where 500 = <Response [500]>.status_code
2025-11-17 | ERROR | Error in test_create_order_invalid_name : assert 201 == <HTTPStatus.BAD_REQUEST: 400>
 +  where 201 = <Response [201]>.status_code
2025-11-17 | ERROR | Error in test_order_by_wrong_id : assert 200 == <HTTPStatus.NOT_FOUND: 404>
 +  where 200 = <Response [200]>.status_code
2025-11-18 | ERROR | Error in test_create_order_invalid_name : assert 500 == <HTTPStatus.BAD_REQUEST: 400>
 +  where 500 = <Response [500]>.status_code
2025-11-18 | ERROR | Error in test_create_order_invalid_name : assert 201 == <HTTPStatus.BAD_REQUEST: 400>
 +  where 201 = <Response [201]>.status_code
2025-11-18 | ERROR | Error in test_create_order_invalid_name : assert 500 == <HTTPStatus.BAD_REQUEST: 400>
 +  where 500 = <Response [500]>.status_code
2025-11-18 | ERROR | Error in test_create_order_invalid_name : assert 201 == <HTTPStatus.BAD_REQUEST: 400>
 +  where 201 = <Response [201]>.status_code
2025-11-18 | ERROR | Error in test_create_order_invalid_name : assert 500 == <HTTPStatus.BAD_REQUEST: 400>
 +  where 500 = <Response [500]>.status_code
2025-11-18 | ERROR | Error in test_create_order_invalid_name : assert 201 == <HTTPStatus.BAD_REQUEST: 400>
 +  where 201 = <Response [201]>.status_code
2025-11-18 | ERROR | Error in test_create_order_invalid_name : assert 500 == <HTTPStatus.BAD_REQUEST: 400>
 +  where 500 = <Response [500]>.status_code
2025-11-18 | ERROR | Error in test_create_order_invalid_name : assert 201 == <HTTPStatus.BAD_REQUEST: 400>
 +  where 201 = <Response [201]>.status_code
2025-11-20 | ERROR | Error in test_nonexistent_page : assert 7 == 0
 +  where 7 = len([{'id': 3001, 'category': 'pastry', 'name': 'Croissant', 'isAvailable': True}, {'id': 3002, 'category': 'pastry', 'name': 'Bagel', 'isAvailable': True}, {'id': 3003, 'category': 'pastry', 'name': 'Muffin', 'isAvailable': True}, {'id': 3004, 'category': 'pastry', 'name': 'Scone', 'isAvailable': True}, {'id': 3005, 'category': 'pastry', 'name': 'Danish Pastry', 'isAvailable': True}, {'id': 3006, 'category': 'pastry', 'name': 'Cinnamon Roll', 'isAvailable': True}, {'id': 3007, 'category': 'pastry', 'name': 'Apple Turnover', 'isAvailable': True}])
2025-11-20 | ERROR | Error in test_nonexistent_page : assert 10 == 0
 +  where 10 = len([{'id': 1001, 'category': 'coffee', 'name': 'Espresso', 'isAvailable': True}, {'id': 1002, 'category': 'coffee', 'name': 'Cappuccino', 'isAvailable': True}, {'id': 1003, 'category': 'coffee', 'name': 'Latte', 'isAvailable': True}, {'id': 1004, 'category': 'coffee', 'name': 'Americano', 'isAvailable': True}, {'id': 1005, 'category': 'coffee', 'name': 'Mocha', 'isAvailable': True}, {'id': 1006, 'category': 'coffee', 'name': 'Macchiato', 'isAvailable': True}, {'id': 1007, 'category': 'coffee', 'name': 'Cortado', 'isAvailable': True}, {'id': 1008, 'category': 'coffee', 'name': 'Flat White', 'isAvailable': True}, {'id': 1009, 'category': 'coffee', 'name': 'Iced Coffee', 'isAvailable': True}, {'id': 1010, 'category': 'coffee', 'name': 'Cold Brew', 'isAvailable': True}])
2025-11-20 | ERROR | Error in test_nonexistent_limit : assert 10 == 0
 +  where 10 = len([{'id': 1001, 'category': 'coffee', 'name': 'Espresso', 'isAvailable': True}, {'id': 1002, 'category': 'coffee', 'name': 'Cappuccino', 'isAvailable': True}, {'id': 1003, 'category': 'coffee', 'name': 'Latte', 'isAvailable': True}, {'id': 1004, 'category': 'coffee', 'name': 'Americano', 'isAvailable': True}, {'id': 1005, 'category': 'coffee', 'name': 'Mocha', 'isAvailable': True}, {'id': 1006, 'category': 'coffee', 'name': 'Macchiato', 'isAvailable': True}, {'id': 1007, 'category': 'coffee', 'name': 'Cortado', 'isAvailable': True}, {'id': 1008, 'category': 'coffee', 'name': 'Flat White', 'isAvailable': True}, {'id': 1009, 'category': 'coffee', 'name': 'Iced Coffee', 'isAvailable': True}, {'id': 1010, 'category': 'coffee', 'name': 'Cold Brew', 'isAvailable': True}])
2025-11-20 | ERROR | Error in test_nonexistent_limit : assert 10 == 0
 +  where 10 = len([{'id': 1001, 'category': 'coffee', 'name': 'Espresso', 'isAvailable': True}, {'id': 1002, 'category': 'coffee', 'name': 'Cappuccino', 'isAvailable': True}, {'id': 1003, 'category': 'coffee', 'name': 'Latte', 'isAvailable': True}, {'id': 1004, 'category': 'coffee', 'name': 'Americano', 'isAvailable': True}, {'id': 1005, 'category': 'coffee', 'name': 'Mocha', 'isAvailable': True}, {'id': 1006, 'category': 'coffee', 'name': 'Macchiato', 'isAvailable': True}, {'id': 1007, 'category': 'coffee', 'name': 'Cortado', 'isAvailable': True}, {'id': 1008, 'category': 'coffee', 'name': 'Flat White', 'isAvailable': True}, {'id': 1009, 'category': 'coffee', 'name': 'Iced Coffee', 'isAvailable': True}, {'id': 1010, 'category': 'coffee', 'name': 'Cold Brew', 'isAvailable': True}])
2025-11-20 | ERROR | Error in test_nonexistent_limit : assert 10 == 0
 +  where 10 = len([{'id': 1001, 'category': 'coffee', 'name': 'Espresso', 'isAvailable': True}, {'id': 1002, 'category': 'coffee', 'name': 'Cappuccino', 'isAvailable': True}, {'id': 1003, 'category': 'coffee', 'name': 'Latte', 'isAvailable': True}, {'id': 1004, 'category': 'coffee', 'name': 'Americano', 'isAvailable': True}, {'id': 1005, 'category': 'coffee', 'name': 'Mocha', 'isAvailable': True}, {'id': 1006, 'category': 'coffee', 'name': 'Macchiato', 'isAvailable': True}, {'id': 1007, 'category': 'coffee', 'name': 'Cortado', 'isAvailable': True}, {'id': 1008, 'category': 'coffee', 'name': 'Flat White', 'isAvailable': True}, {'id': 1009, 'category': 'coffee', 'name': 'Iced Coffee', 'isAvailable': True}, {'id': 1010, 'category': 'coffee', 'name': 'Cold Brew', 'isAvailable': True}])
2025-11-20 | ERROR | Error in test_nonexistent_limit : assert 33 == 0
 +  where 33 = len([{'id': 1001, 'category': 'coffee', 'name': 'Espresso', 'isAvailable': True}, {'id': 1002, 'category': 'coffee', 'name': 'Cappuccino', 'isAvailable': True}, {'id': 1003, 'category': 'coffee', 'name': 'Latte', 'isAvailable': True}, {'id': 1004, 'category': 'coffee', 'name': 'Americano', 'isAvailable': True}, {'id': 1005, 'category': 'coffee', 'name': 'Mocha', 'isAvailable': True}, {'id': 1006, 'category': 'coffee', 'name': 'Macchiato', 'isAvailable': True}, {'id': 1007, 'category': 'coffee', 'name': 'Cortado', 'isAvailable': True}, {'id': 1008, 'category': 'coffee', 'name': 'Flat White', 'isAvailable': True}, {'id': 1009, 'category': 'coffee', 'name': 'Iced Coffee', 'isAvailable': True}, {'id': 1010, 'category': 'coffee', 'name': 'Cold Brew', 'isAvailable': True}, {'id': 2001, 'category': 'cookie', 'name': 'Chocolate Chip', 'isAvailable': True}, {'id': 2002, 'category': 'cookie', 'name': 'Oatmeal Raisin', 'isAvailable': True}, {'id': 2003, 'category': 'cookie', 'name': 'Peanut Butter', 'isAvailable': True}, {'id': 2004, 'category': 'cookie', 'name': 'White Chocolate Macadamia', 'isAvailable': True}, {'id': 2005, 'category': 'cookie', 'name': 'Snickerdoodle', 'isAvailable': True}, {'id': 2006, 'category': 'cookie', 'name': 'Sugar Cookie', 'isAvailable': True}, {'id': 2007, 'category': 'cookie', 'name': 'Double Chocolate', 'isAvailable': True}, {'id': 2008, 'category': 'cookie', 'name': 'Gingerbread', 'isAvailable': True}, {'id': 2009, 'category': 'cookie', 'name': 'Lemon Poppy Seed', 'isAvailable': True}, {'id': 2010, 'category': 'cookie', 'name': 'Almond', 'isAvailable': True}, {'id': 3001, 'category': 'pastry', 'name': 'Croissant', 'isAvailable': True}, {'id': 3002, 'category': 'pastry', 'name': 'Bagel', 'isAvailable': True}, {'id': 3003, 'category': 'pastry', 'name': 'Muffin', 'isAvailable': True}, {'id': 3004, 'category': 'pastry', 'name': 'Scone', 'isAvailable': True}, {'id': 3005, 'category': 'pastry', 'name': 'Danish Pastry', 'isAvailable': True}, {'id': 3006, 'category': 'pastry', 'name': 'Cinnamon Roll', 'isAvailable': True}, {'id': 3007, 'category': 'pastry', 'name': 'Apple Turnover', 'isAvailable': True}, {'id': 4001, 'category': 'other', 'name': 'Iced Tea', 'isAvailable': True}, {'id': 4002, 'category': 'other', 'name': 'Hot Chocolate', 'isAvailable': True}, {'id': 4003, 'category': 'other', 'name': 'Chai Latte', 'isAvailable': True}, {'id': 4004, 'category': 'other', 'name': 'Green Tea', 'isAvailable': True}, {'id': 4005, 'category': 'other', 'name': 'Black Tea', 'isAvailable': True}, {'id': 4006, 'category': 'other', 'name': 'Herbal Tea', 'isAvailable': True}])
2025-11-20 | ERROR | Error in test_register_invalid_user : 'body' must be a bytes-like object, file-like object, or iterable. Instead was 12345
2025-11-20 | ERROR | Error in test_register_invalid_user : 'body' must be a bytes-like object, file-like object, or iterable. Instead was True
2025-11-20 | ERROR | Error in test_invalid_products_for_order : too many values to unpack (expected 2)
2025-11-20 | ERROR | Error in test_invalid_products_for_order : too many values to unpack (expected 2)
2025-11-20 | ERROR | Error in test_invalid_products_for_order : too many values to unpack (expected 2)
2025-11-20 | ERROR | Error in test_invalid_products_for_order : too many values to unpack (expected 2)
2025-11-20 | ERROR | Error in test_invalid_products_for_order : too many values to unpack (expected 2)
2025-11-20 | ERROR | Error in test_invalid_products_for_order : too many values to unpack (expected 2)
2025-11-20 | ERROR | Error in test_invalid_products_for_order : too many values to unpack (expected 2)
2025-11-20 | ERROR | Error in test_invalid_products_for_order : too many values to unpack (expected 2)
2025-11-20 | ERROR | Error in test_invalid_products_for_order : too many values to unpack (expected 2)
2025-11-20 | ERROR | Error in test_invalid_products_for_order : too many values to unpack (expected 2)
2025-11-20 | ERROR | Error in test_invalid_products_for_order : too many values to unpack (expected 2)
2025-11-20 | ERROR | Error in test_invalid_products_for_order : too many values to unpack (expected 2)
2025-11-20 | ERROR | Error in test_invalid_products_for_order : too many values to unpack (expected 2)
2025-11-20 | ERROR | Error in test_create_order_with_get_method : too many values to unpack (expected 2)
2025-11-20 | ERROR | Error in test_create_order_again : too many values to unpack (expected 2)
2025-11-20 | ERROR | Error in test_create_order_wrong_method : too many values to unpack (expected 2)
2025-11-20 | ERROR | Error in test_create_order_invalid_name : too many values to unpack (expected 2)
2025-11-20 | ERROR | Error in test_create_order_invalid_name : too many values to unpack (expected 2)
2025-11-20 | ERROR | Error in test_create_order_invalid_name : too many values to unpack (expected 2)
2025-11-20 | ERROR | Error in test_create_order_invalid_name : too many values to unpack (expected 2)
2025-11-20 | ERROR | Error in test_create_order_invalid_name : too many values to unpack (expected 2)
2025-11-20 | ERROR | Error in test_create_order_invalid_name : too many values to unpack (expected 2)
2025-11-20 | ERROR | Error in test_order_by_wrong_id : too many values to unpack (expected 2)
2025-11-20 | ERROR | Error in test_order_by_wrong_id : too many values to unpack (expected 2)
2025-11-20 | ERROR | Error in test_order_by_wrong_id : too many values to unpack (expected 2)
2025-11-20 | ERROR | Error in test_order_by_wrong_id : too many values to unpack (expected 2)
2025-11-20 | ERROR | Error in test_nonexistent_page : assert 6 == 0
 +  where 6 = len([{'id': 4001, 'category': 'other', 'name': 'Iced Tea', 'isAvailable': True}, {'id': 4002, 'category': 'other', 'name': 'Hot Chocolate', 'isAvailable': True}, {'id': 4003, 'category': 'other', 'name': 'Chai Latte', 'isAvailable': True}, {'id': 4004, 'category': 'other', 'name': 'Green Tea', 'isAvailable': True}, {'id': 4005, 'category': 'other', 'name': 'Black Tea', 'isAvailable': True}, {'id': 4006, 'category': 'other', 'name': 'Herbal Tea', 'isAvailable': True}])
2025-11-20 | ERROR | Error in test_nonexistent_page : assert 10 == 0
 +  where 10 = len([{'id': 2001, 'category': 'cookie', 'name': 'Chocolate Chip', 'isAvailable': True}, {'id': 2002, 'category': 'cookie', 'name': 'Oatmeal Raisin', 'isAvailable': True}, {'id': 2003, 'category': 'cookie', 'name': 'Peanut Butter', 'isAvailable': True}, {'id': 2004, 'category': 'cookie', 'name': 'White Chocolate Macadamia', 'isAvailable': True}, {'id': 2005, 'category': 'cookie', 'name': 'Snickerdoodle', 'isAvailable': True}, {'id': 2006, 'category': 'cookie', 'name': 'Sugar Cookie', 'isAvailable': True}, {'id': 2007, 'category': 'cookie', 'name': 'Double Chocolate', 'isAvailable': True}, {'id': 2008, 'category': 'cookie', 'name': 'Gingerbread', 'isAvailable': True}, {'id': 2009, 'category': 'cookie', 'name': 'Lemon Poppy Seed', 'isAvailable': True}, {'id': 2010, 'category': 'cookie', 'name': 'Almond', 'isAvailable': True}])
2025-11-20 | ERROR | Error in test_nonexistent_limit : assert 10 == 0
 +  where 10 = len([{'id': 1001, 'category': 'coffee', 'name': 'Espresso', 'isAvailable': True}, {'id': 1002, 'category': 'coffee', 'name': 'Cappuccino', 'isAvailable': True}, {'id': 1003, 'category': 'coffee', 'name': 'Latte', 'isAvailable': True}, {'id': 1004, 'category': 'coffee', 'name': 'Americano', 'isAvailable': True}, {'id': 1005, 'category': 'coffee', 'name': 'Mocha', 'isAvailable': True}, {'id': 1006, 'category': 'coffee', 'name': 'Macchiato', 'isAvailable': True}, {'id': 1007, 'category': 'coffee', 'name': 'Cortado', 'isAvailable': True}, {'id': 1008, 'category': 'coffee', 'name': 'Flat White', 'isAvailable': True}, {'id': 1009, 'category': 'coffee', 'name': 'Iced Coffee', 'isAvailable': True}, {'id': 1010, 'category': 'coffee', 'name': 'Cold Brew', 'isAvailable': True}])
2025-11-20 | ERROR | Error in test_nonexistent_limit : assert 10 == 0
 +  where 10 = len([{'id': 1001, 'category': 'coffee', 'name': 'Espresso', 'isAvailable': True}, {'id': 1002, 'category': 'coffee', 'name': 'Cappuccino', 'isAvailable': True}, {'id': 1003, 'category': 'coffee', 'name': 'Latte', 'isAvailable': True}, {'id': 1004, 'category': 'coffee', 'name': 'Americano', 'isAvailable': True}, {'id': 1005, 'category': 'coffee', 'name': 'Mocha', 'isAvailable': True}, {'id': 1006, 'category': 'coffee', 'name': 'Macchiato', 'isAvailable': True}, {'id': 1007, 'category': 'coffee', 'name': 'Cortado', 'isAvailable': True}, {'id': 1008, 'category': 'coffee', 'name': 'Flat White', 'isAvailable': True}, {'id': 1009, 'category': 'coffee', 'name': 'Iced Coffee', 'isAvailable': True}, {'id': 1010, 'category': 'coffee', 'name': 'Cold Brew', 'isAvailable': True}])
2025-11-20 | ERROR | Error in test_nonexistent_limit : assert 10 == 0
 +  where 10 = len([{'id': 1001, 'category': 'coffee', 'name': 'Espresso', 'isAvailable': True}, {'id': 1002, 'category': 'coffee', 'name': 'Cappuccino', 'isAvailable': True}, {'id': 1003, 'category': 'coffee', 'name': 'Latte', 'isAvailable': True}, {'id': 1004, 'category': 'coffee', 'name': 'Americano', 'isAvailable': True}, {'id': 1005, 'category': 'coffee', 'name': 'Mocha', 'isAvailable': True}, {'id': 1006, 'category': 'coffee', 'name': 'Macchiato', 'isAvailable': True}, {'id': 1007, 'category': 'coffee', 'name': 'Cortado', 'isAvailable': True}, {'id': 1008, 'category': 'coffee', 'name': 'Flat White', 'isAvailable': True}, {'id': 1009, 'category': 'coffee', 'name': 'Iced Coffee', 'isAvailable': True}, {'id': 1010, 'category': 'coffee', 'name': 'Cold Brew', 'isAvailable': True}])
2025-11-20 | ERROR | Error in test_nonexistent_limit : assert 33 == 0
 +  where 33 = len([{'id': 1001, 'category': 'coffee', 'name': 'Espresso', 'isAvailable': True}, {'id': 1002, 'category': 'coffee', 'name': 'Cappuccino', 'isAvailable': True}, {'id': 1003, 'category': 'coffee', 'name': 'Latte', 'isAvailable': True}, {'id': 1004, 'category': 'coffee', 'name': 'Americano', 'isAvailable': True}, {'id': 1005, 'category': 'coffee', 'name': 'Mocha', 'isAvailable': True}, {'id': 1006, 'category': 'coffee', 'name': 'Macchiato', 'isAvailable': True}, {'id': 1007, 'category': 'coffee', 'name': 'Cortado', 'isAvailable': True}, {'id': 1008, 'category': 'coffee', 'name': 'Flat White', 'isAvailable': True}, {'id': 1009, 'category': 'coffee', 'name': 'Iced Coffee', 'isAvailable': True}, {'id': 1010, 'category': 'coffee', 'name': 'Cold Brew', 'isAvailable': True}, {'id': 2001, 'category': 'cookie', 'name': 'Chocolate Chip', 'isAvailable': True}, {'id': 2002, 'category': 'cookie', 'name': 'Oatmeal Raisin', 'isAvailable': True}, {'id': 2003, 'category': 'cookie', 'name': 'Peanut Butter', 'isAvailable': True}, {'id': 2004, 'category': 'cookie', 'name': 'White Chocolate Macadamia', 'isAvailable': True}, {'id': 2005, 'category': 'cookie', 'name': 'Snickerdoodle', 'isAvailable': True}, {'id': 2006, 'category': 'cookie', 'name': 'Sugar Cookie', 'isAvailable': True}, {'id': 2007, 'category': 'cookie', 'name': 'Double Chocolate', 'isAvailable': True}, {'id': 2008, 'category': 'cookie', 'name': 'Gingerbread', 'isAvailable': True}, {'id': 2009, 'category': 'cookie', 'name': 'Lemon Poppy Seed', 'isAvailable': True}, {'id': 2010, 'category': 'cookie', 'name': 'Almond', 'isAvailable': True}, {'id': 3001, 'category': 'pastry', 'name': 'Croissant', 'isAvailable': True}, {'id': 3002, 'category': 'pastry', 'name': 'Bagel', 'isAvailable': True}, {'id': 3003, 'category': 'pastry', 'name': 'Muffin', 'isAvailable': True}, {'id': 3004, 'category': 'pastry', 'name': 'Scone', 'isAvailable': True}, {'id': 3005, 'category': 'pastry', 'name': 'Danish Pastry', 'isAvailable': True}, {'id': 3006, 'category': 'pastry', 'name': 'Cinnamon Roll', 'isAvailable': True}, {'id': 3007, 'category': 'pastry', 'name': 'Apple Turnover', 'isAvailable': True}, {'id': 4001, 'category': 'other', 'name': 'Iced Tea', 'isAvailable': True}, {'id': 4002, 'category': 'other', 'name': 'Hot Chocolate', 'isAvailable': True}, {'id': 4003, 'category': 'other', 'name': 'Chai Latte', 'isAvailable': True}, {'id': 4004, 'category': 'other', 'name': 'Green Tea', 'isAvailable': True}, {'id': 4005, 'category': 'other', 'name': 'Black Tea', 'isAvailable': True}, {'id': 4006, 'category': 'other', 'name': 'Herbal Tea', 'isAvailable': True}])
2025-11-20 | ERROR | Error in test_register_invalid_user : 'body' must be a bytes-like object, file-like object, or iterable. Instead was 12345
2025-11-20 | ERROR | Error in test_register_invalid_user : 'body' must be a bytes-like object, file-like object, or iterable. Instead was True
2025-11-20 | ERROR | Error in test_invalid_products_for_order : too many values to unpack (expected 2)
2025-11-20 | ERROR | Error in test_invalid_products_for_order : too many values to unpack (expected 2)
2025-11-20 | ERROR | Error in test_invalid_products_for_order : too many values to unpack (expected 2)
2025-11-20 | ERROR | Error in test_invalid_products_for_order : too many values to unpack (expected 2)
2025-11-20 | ERROR | Error in test_invalid_products_for_order : too many values to unpack (expected 2)
2025-11-20 | ERROR | Error in test_invalid_products_for_order : too many values to unpack (expected 2)
2025-11-20 | ERROR | Error in test_invalid_products_for_order : too many values to unpack (expected 2)
2025-11-20 | ERROR | Error in test_invalid_products_for_order : too many values to unpack (expected 2)
2025-11-20 | ERROR | Error in test_invalid_products_for_order : too many values to unpack (expected 2)
2025-11-20 | ERROR | Error in test_invalid_products_for_order : too many values to unpack (expected 2)
2025-11-20 | ERROR | Error in test_invalid_products_for_order : too many values to unpack (expected 2)
2025-11-20 | ERROR | Error in test_invalid_products_for_order : too many values to unpack (expected 2)
2025-11-20 | ERROR | Error in test_invalid_products_for_order : too many values to unpack (expected 2)
2025-11-20 | ERROR | Error in test_create_order_with_get_method : too many values to unpack (expected 2)
2025-11-20 | ERROR | Error in test_create_order_again : too many values to unpack (expected 2)
2025-11-20 | ERROR | Error in test_create_order_wrong_method : too many values to unpack (expected 2)
2025-11-20 | ERROR | Error in test_create_order_invalid_name : too many values to unpack (expected 2)
2025-11-20 | ERROR | Error in test_create_order_invalid_name : too many values to unpack (expected 2)
2025-11-20 | ERROR | Error in test_create_order_invalid_name : too many values to unpack (expected 2)
2025-11-20 | ERROR | Error in test_create_order_invalid_name : too many values to unpack (expected 2)
2025-11-20 | ERROR | Error in test_create_order_invalid_name : too many values to unpack (expected 2)
2025-11-20 | ERROR | Error in test_create_order_invalid_name : too many values to unpack (expected 2)
2025-11-20 | ERROR | Error in test_order_by_wrong_id : too many values to unpack (expected 2)
2025-11-20 | ERROR | Error in test_order_by_wrong_id : too many values to unpack (expected 2)
2025-11-20 | ERROR | Error in test_order_by_wrong_id : too many values to unpack (expected 2)
2025-11-20 | ERROR | Error in test_order_by_wrong_id : too many values to unpack (expected 2)
2025-11-20 | ERROR | Error in test_nonexistent_page : assert 7 == 0
 +  where 7 = len([{'id': 3001, 'category': 'pastry', 'name': 'Croissant', 'isAvailable': True}, {'id': 3002, 'category': 'pastry', 'name': 'Bagel', 'isAvailable': True}, {'id': 3003, 'category': 'pastry', 'name': 'Muffin', 'isAvailable': True}, {'id': 3004, 'category': 'pastry', 'name': 'Scone', 'isAvailable': True}, {'id': 3005, 'category': 'pastry', 'name': 'Danish Pastry', 'isAvailable': True}, {'id': 3006, 'category': 'pastry', 'name': 'Cinnamon Roll', 'isAvailable': True}, {'id': 3007, 'category': 'pastry', 'name': 'Apple Turnover', 'isAvailable': True}])
2025-11-20 | ERROR | Error in test_nonexistent_page : assert 6 == 10
 +  where 6 = len([{'id': 4001, 'category': 'other', 'name': 'Iced Tea', 'isAvailable': True}, {'id': 4002, 'category': 'other', 'name': 'Hot Chocolate', 'isAvailable': True}, {'id': 4003, 'category': 'other', 'name': 'Chai Latte', 'isAvailable': True}, {'id': 4004, 'category': 'other', 'name': 'Green Tea', 'isAvailable': True}, {'id': 4005, 'category': 'other', 'name': 'Black Tea', 'isAvailable': True}, {'id': 4006, 'category': 'other', 'name': 'Herbal Tea', 'isAvailable': True}])
2025-11-20 | ERROR | Error in test_nonexistent_page : assert 10 == 0
 +  where 10 = len([{'id': 1001, 'category': 'coffee', 'name': 'Espresso', 'isAvailable': True}, {'id': 1002, 'category': 'coffee', 'name': 'Cappuccino', 'isAvailable': True}, {'id': 1003, 'category': 'coffee', 'name': 'Latte', 'isAvailable': True}, {'id': 1004, 'category': 'coffee', 'name': 'Americano', 'isAvailable': True}, {'id': 1005, 'category': 'coffee', 'name': 'Mocha', 'isAvailable': True}, {'id': 1006, 'category': 'coffee', 'name': 'Macchiato', 'isAvailable': True}, {'id': 1007, 'category': 'coffee', 'name': 'Cortado', 'isAvailable': True}, {'id': 1008, 'category': 'coffee', 'name': 'Flat White', 'isAvailable': True}, {'id': 1009, 'category': 'coffee', 'name': 'Iced Coffee', 'isAvailable': True}, {'id': 1010, 'category': 'coffee', 'name': 'Cold Brew', 'isAvailable': True}])
2025-11-20 | ERROR | Error in test_nonexistent_limit : assert 10 == 0
 +  where 10 = len([{'id': 1001, 'category': 'coffee', 'name': 'Espresso', 'isAvailable': True}, {'id': 1002, 'category': 'coffee', 'name': 'Cappuccino', 'isAvailable': True}, {'id': 1003, 'category': 'coffee', 'name': 'Latte', 'isAvailable': True}, {'id': 1004, 'category': 'coffee', 'name': 'Americano', 'isAvailable': True}, {'id': 1005, 'category': 'coffee', 'name': 'Mocha', 'isAvailable': True}, {'id': 1006, 'category': 'coffee', 'name': 'Macchiato', 'isAvailable': True}, {'id': 1007, 'category': 'coffee', 'name': 'Cortado', 'isAvailable': True}, {'id': 1008, 'category': 'coffee', 'name': 'Flat White', 'isAvailable': True}, {'id': 1009, 'category': 'coffee', 'name': 'Iced Coffee', 'isAvailable': True}, {'id': 1010, 'category': 'coffee', 'name': 'Cold Brew', 'isAvailable': True}])
2025-11-20 | ERROR | Error in test_nonexistent_limit : assert 10 == 0
 +  where 10 = len([{'id': 1001, 'category': 'coffee', 'name': 'Espresso', 'isAvailable': True}, {'id': 1002, 'category': 'coffee', 'name': 'Cappuccino', 'isAvailable': True}, {'id': 1003, 'category': 'coffee', 'name': 'Latte', 'isAvailable': True}, {'id': 1004, 'category': 'coffee', 'name': 'Americano', 'isAvailable': True}, {'id': 1005, 'category': 'coffee', 'name': 'Mocha', 'isAvailable': True}, {'id': 1006, 'category': 'coffee', 'name': 'Macchiato', 'isAvailable': True}, {'id': 1007, 'category': 'coffee', 'name': 'Cortado', 'isAvailable': True}, {'id': 1008, 'category': 'coffee', 'name': 'Flat White', 'isAvailable': True}, {'id': 1009, 'category': 'coffee', 'name': 'Iced Coffee', 'isAvailable': True}, {'id': 1010, 'category': 'coffee', 'name': 'Cold Brew', 'isAvailable': True}])
2025-11-20 | ERROR | Error in test_nonexistent_limit : assert 10 == 0
 +  where 10 = len([{'id': 1001, 'category': 'coffee', 'name': 'Espresso', 'isAvailable': True}, {'id': 1002, 'category': 'coffee', 'name': 'Cappuccino', 'isAvailable': True}, {'id': 1003, 'category': 'coffee', 'name': 'Latte', 'isAvailable': True}, {'id': 1004, 'category': 'coffee', 'name': 'Americano', 'isAvailable': True}, {'id': 1005, 'category': 'coffee', 'name': 'Mocha', 'isAvailable': True}, {'id': 1006, 'category': 'coffee', 'name': 'Macchiato', 'isAvailable': True}, {'id': 1007, 'category': 'coffee', 'name': 'Cortado', 'isAvailable': True}, {'id': 1008, 'category': 'coffee', 'name': 'Flat White', 'isAvailable': True}, {'id': 1009, 'category': 'coffee', 'name': 'Iced Coffee', 'isAvailable': True}, {'id': 1010, 'category': 'coffee', 'name': 'Cold Brew', 'isAvailable': True}])
2025-11-20 | ERROR | Error in test_nonexistent_limit : assert 33 == 0
 +  where 33 = len([{'id': 1001, 'category': 'coffee', 'name': 'Espresso', 'isAvailable': True}, {'id': 1002, 'category': 'coffee', 'name': 'Cappuccino', 'isAvailable': True}, {'id': 1003, 'category': 'coffee', 'name': 'Latte', 'isAvailable': True}, {'id': 1004, 'category': 'coffee', 'name': 'Americano', 'isAvailable': True}, {'id': 1005, 'category': 'coffee', 'name': 'Mocha', 'isAvailable': True}, {'id': 1006, 'category': 'coffee', 'name': 'Macchiato', 'isAvailable': True}, {'id': 1007, 'category': 'coffee', 'name': 'Cortado', 'isAvailable': True}, {'id': 1008, 'category': 'coffee', 'name': 'Flat White', 'isAvailable': True}, {'id': 1009, 'category': 'coffee', 'name': 'Iced Coffee', 'isAvailable': True}, {'id': 1010, 'category': 'coffee', 'name': 'Cold Brew', 'isAvailable': True}, {'id': 2001, 'category': 'cookie', 'name': 'Chocolate Chip', 'isAvailable': True}, {'id': 2002, 'category': 'cookie', 'name': 'Oatmeal Raisin', 'isAvailable': True}, {'id': 2003, 'category': 'cookie', 'name': 'Peanut Butter', 'isAvailable': True}, {'id': 2004, 'category': 'cookie', 'name': 'White Chocolate Macadamia', 'isAvailable': True}, {'id': 2005, 'category': 'cookie', 'name': 'Snickerdoodle', 'isAvailable': True}, {'id': 2006, 'category': 'cookie', 'name': 'Sugar Cookie', 'isAvailable': True}, {'id': 2007, 'category': 'cookie', 'name': 'Double Chocolate', 'isAvailable': True}, {'id': 2008, 'category': 'cookie', 'name': 'Gingerbread', 'isAvailable': True}, {'id': 2009, 'category': 'cookie', 'name': 'Lemon Poppy Seed', 'isAvailable': True}, {'id': 2010, 'category': 'cookie', 'name': 'Almond', 'isAvailable': True}, {'id': 3001, 'category': 'pastry', 'name': 'Croissant', 'isAvailable': True}, {'id': 3002, 'category': 'pastry', 'name': 'Bagel', 'isAvailable': True}, {'id': 3003, 'category': 'pastry', 'name': 'Muffin', 'isAvailable': True}, {'id': 3004, 'category': 'pastry', 'name': 'Scone', 'isAvailable': True}, {'id': 3005, 'category': 'pastry', 'name': 'Danish Pastry', 'isAvailable': True}, {'id': 3006, 'category': 'pastry', 'name': 'Cinnamon Roll', 'isAvailable': True}, {'id': 3007, 'category': 'pastry', 'name': 'Apple Turnover', 'isAvailable': True}, {'id': 4001, 'category': 'other', 'name': 'Iced Tea', 'isAvailable': True}, {'id': 4002, 'category': 'other', 'name': 'Hot Chocolate', 'isAvailable': True}, {'id': 4003, 'category': 'other', 'name': 'Chai Latte', 'isAvailable': True}, {'id': 4004, 'category': 'other', 'name': 'Green Tea', 'isAvailable': True}, {'id': 4005, 'category': 'other', 'name': 'Black Tea', 'isAvailable': True}, {'id': 4006, 'category': 'other', 'name': 'Herbal Tea', 'isAvailable': True}])
2025-11-20 | ERROR | Error in test_register_invalid_user : 'body' must be a bytes-like object, file-like object, or iterable. Instead was 12345
2025-11-20 | ERROR | Error in test_register_invalid_user : 'body' must be a bytes-like object, file-like object, or iterable. Instead was True
2025-11-20 | ERROR | Error in test_invalid_products_for_order : 'error'
2025-11-20 | ERROR | Error in test_invalid_products_for_order : 'error'
2025-11-20 | ERROR | Error in test_invalid_products_for_order : 'error'
2025-11-20 | ERROR | Error in test_create_order_with_get_method : assert 200 == <HTTPStatus.METHOD_NOT_ALLOWED: 405>
 +  where 200 = <Response [200]>.status_code
 +  and   <HTTPStatus.METHOD_NOT_ALLOWED: 405> = HTTPStatus.METHOD_NOT_ALLOWED
2025-11-20 | ERROR | Error in test_create_order_wrong_method : assert 200 == <HTTPStatus.METHOD_NOT_ALLOWED: 405>
 +  where 200 = <Response [200]>.status_code
 +  and   <HTTPStatus.METHOD_NOT_ALLOWED: 405> = HTTPStatus.METHOD_NOT_ALLOWED
2025-11-20 | ERROR | Error in test_create_order_invalid_name : assert 500 == <HTTPStatus.BAD_REQUEST: 400>
 +  where 500 = <Response [500]>.status_code
2025-11-20 | ERROR | Error in test_create_order_invalid_name : assert 201 == <HTTPStatus.BAD_REQUEST: 400>
 +  where 201 = <Response [201]>.status_code
2025-11-20 | ERROR | Error in test_create_order_invalid_name : assert 500 == <HTTPStatus.BAD_REQUEST: 400>
 +  where 500 = <Response [500]>.status_code
2025-11-20 | ERROR | Error in test_create_order_invalid_name : assert 201 == <HTTPStatus.BAD_REQUEST: 400>
 +  where 201 = <Response [201]>.status_code
2025-11-20 | ERROR | Error in test_order_by_wrong_id : assert 200 == <HTTPStatus.NOT_FOUND: 404>
 +  where 200 = <Response [200]>.status_code
2025-11-20 | ERROR | Error in test_nonexistent_page : assert 10 == 0
 +  where 10 = len([{'id': 2001, 'category': 'cookie', 'name': 'Chocolate Chip', 'isAvailable': True}, {'id': 2002, 'category': 'cookie', 'name': 'Oatmeal Raisin', 'isAvailable': True}, {'id': 2003, 'category': 'cookie', 'name': 'Peanut Butter', 'isAvailable': True}, {'id': 2004, 'category': 'cookie', 'name': 'White Chocolate Macadamia', 'isAvailable': True}, {'id': 2005, 'category': 'cookie', 'name': 'Snickerdoodle', 'isAvailable': True}, {'id': 2006, 'category': 'cookie', 'name': 'Sugar Cookie', 'isAvailable': True}, {'id': 2007, 'category': 'cookie', 'name': 'Double Chocolate', 'isAvailable': True}, {'id': 2008, 'category': 'cookie', 'name': 'Gingerbread', 'isAvailable': True}, {'id': 2009, 'category': 'cookie', 'name': 'Lemon Poppy Seed', 'isAvailable': True}, {'id': 2010, 'category': 'cookie', 'name': 'Almond', 'isAvailable': True}])
2025-11-20 | ERROR | Error in test_nonexistent_page : assert 7 == 10
 +  where 7 = len([{'id': 3001, 'category': 'pastry', 'name': 'Croissant', 'isAvailable': True}, {'id': 3002, 'category': 'pastry', 'name': 'Bagel', 'isAvailable': True}, {'id': 3003, 'category': 'pastry', 'name': 'Muffin', 'isAvailable': True}, {'id': 3004, 'category': 'pastry', 'name': 'Scone', 'isAvailable': True}, {'id': 3005, 'category': 'pastry', 'name': 'Danish Pastry', 'isAvailable': True}, {'id': 3006, 'category': 'pastry', 'name': 'Cinnamon Roll', 'isAvailable': True}, {'id': 3007, 'category': 'pastry', 'name': 'Apple Turnover', 'isAvailable': True}])
2025-11-20 | ERROR | Error in test_nonexistent_page : assert 6 == 0
 +  where 6 = len([{'id': 4001, 'category': 'other', 'name': 'Iced Tea', 'isAvailable': True}, {'id': 4002, 'category': 'other', 'name': 'Hot Chocolate', 'isAvailable': True}, {'id': 4003, 'category': 'other', 'name': 'Chai Latte', 'isAvailable': True}, {'id': 4004, 'category': 'other', 'name': 'Green Tea', 'isAvailable': True}, {'id': 4005, 'category': 'other', 'name': 'Black Tea', 'isAvailable': True}, {'id': 4006, 'category': 'other', 'name': 'Herbal Tea', 'isAvailable': True}])
2025-11-20 | ERROR | Error in test_nonexistent_limit : assert 10 == 0
 +  where 10 = len([{'id': 1001, 'category': 'coffee', 'name': 'Espresso', 'isAvailable': True}, {'id': 1002, 'category': 'coffee', 'name': 'Cappuccino', 'isAvailable': True}, {'id': 1003, 'category': 'coffee', 'name': 'Latte', 'isAvailable': True}, {'id': 1004, 'category': 'coffee', 'name': 'Americano', 'isAvailable': True}, {'id': 1005, 'category': 'coffee', 'name': 'Mocha', 'isAvailable': True}, {'id': 1006, 'category': 'coffee', 'name': 'Macchiato', 'isAvailable': True}, {'id': 1007, 'category': 'coffee', 'name': 'Cortado', 'isAvailable': True}, {'id': 1008, 'category': 'coffee', 'name': 'Flat White', 'isAvailable': True}, {'id': 1009, 'category': 'coffee', 'name': 'Iced Coffee', 'isAvailable': True}, {'id': 1010, 'category': 'coffee', 'name': 'Cold Brew', 'isAvailable': True}])
2025-11-20 | ERROR | Error in test_nonexistent_limit : assert 10 == 0
 +  where 10 = len([{'id': 1001, 'category': 'coffee', 'name': 'Espresso', 'isAvailable': True}, {'id': 1002, 'category': 'coffee', 'name': 'Cappuccino', 'isAvailable': True}, {'id': 1003, 'category': 'coffee', 'name': 'Latte', 'isAvailable': True}, {'id': 1004, 'category': 'coffee', 'name': 'Americano', 'isAvailable': True}, {'id': 1005, 'category': 'coffee', 'name': 'Mocha', 'isAvailable': True}, {'id': 1006, 'category': 'coffee', 'name': 'Macchiato', 'isAvailable': True}, {'id': 1007, 'category': 'coffee', 'name': 'Cortado', 'isAvailable': True}, {'id': 1008, 'category': 'coffee', 'name': 'Flat White', 'isAvailable': True}, {'id': 1009, 'category': 'coffee', 'name': 'Iced Coffee', 'isAvailable': True}, {'id': 1010, 'category': 'coffee', 'name': 'Cold Brew', 'isAvailable': True}])
2025-11-20 | ERROR | Error in test_nonexistent_limit : assert 10 == 0
 +  where 10 = len([{'id': 1001, 'category': 'coffee', 'name': 'Espresso', 'isAvailable': True}, {'id': 1002, 'category': 'coffee', 'name': 'Cappuccino', 'isAvailable': True}, {'id': 1003, 'category': 'coffee', 'name': 'Latte', 'isAvailable': True}, {'id': 1004, 'category': 'coffee', 'name': 'Americano', 'isAvailable': True}, {'id': 1005, 'category': 'coffee', 'name': 'Mocha', 'isAvailable': True}, {'id': 1006, 'category': 'coffee', 'name': 'Macchiato', 'isAvailable': True}, {'id': 1007, 'category': 'coffee', 'name': 'Cortado', 'isAvailable': True}, {'id': 1008, 'category': 'coffee', 'name': 'Flat White', 'isAvailable': True}, {'id': 1009, 'category': 'coffee', 'name': 'Iced Coffee', 'isAvailable': True}, {'id': 1010, 'category': 'coffee', 'name': 'Cold Brew', 'isAvailable': True}])
2025-11-20 | ERROR | Error in test_nonexistent_limit : assert 33 == 0
 +  where 33 = len([{'id': 1001, 'category': 'coffee', 'name': 'Espresso', 'isAvailable': True}, {'id': 1002, 'category': 'coffee', 'name': 'Cappuccino', 'isAvailable': True}, {'id': 1003, 'category': 'coffee', 'name': 'Latte', 'isAvailable': True}, {'id': 1004, 'category': 'coffee', 'name': 'Americano', 'isAvailable': True}, {'id': 1005, 'category': 'coffee', 'name': 'Mocha', 'isAvailable': True}, {'id': 1006, 'category': 'coffee', 'name': 'Macchiato', 'isAvailable': True}, {'id': 1007, 'category': 'coffee', 'name': 'Cortado', 'isAvailable': True}, {'id': 1008, 'category': 'coffee', 'name': 'Flat White', 'isAvailable': True}, {'id': 1009, 'category': 'coffee', 'name': 'Iced Coffee', 'isAvailable': True}, {'id': 1010, 'category': 'coffee', 'name': 'Cold Brew', 'isAvailable': True}, {'id': 2001, 'category': 'cookie', 'name': 'Chocolate Chip', 'isAvailable': True}, {'id': 2002, 'category': 'cookie', 'name': 'Oatmeal Raisin', 'isAvailable': True}, {'id': 2003, 'category': 'cookie', 'name': 'Peanut Butter', 'isAvailable': True}, {'id': 2004, 'category': 'cookie', 'name': 'White Chocolate Macadamia', 'isAvailable': True}, {'id': 2005, 'category': 'cookie', 'name': 'Snickerdoodle', 'isAvailable': True}, {'id': 2006, 'category': 'cookie', 'name': 'Sugar Cookie', 'isAvailable': True}, {'id': 2007, 'category': 'cookie', 'name': 'Double Chocolate', 'isAvailable': True}, {'id': 2008, 'category': 'cookie', 'name': 'Gingerbread', 'isAvailable': True}, {'id': 2009, 'category': 'cookie', 'name': 'Lemon Poppy Seed', 'isAvailable': True}, {'id': 2010, 'category': 'cookie', 'name': 'Almond', 'isAvailable': True}, {'id': 3001, 'category': 'pastry', 'name': 'Croissant', 'isAvailable': True}, {'id': 3002, 'category': 'pastry', 'name': 'Bagel', 'isAvailable': True}, {'id': 3003, 'category': 'pastry', 'name': 'Muffin', 'isAvailable': True}, {'id': 3004, 'category': 'pastry', 'name': 'Scone', 'isAvailable': True}, {'id': 3005, 'category': 'pastry', 'name': 'Danish Pastry', 'isAvailable': True}, {'id': 3006, 'category': 'pastry', 'name': 'Cinnamon Roll', 'isAvailable': True}, {'id': 3007, 'category': 'pastry', 'name': 'Apple Turnover', 'isAvailable': True}, {'id': 4001, 'category': 'other', 'name': 'Iced Tea', 'isAvailable': True}, {'id': 4002, 'category': 'other', 'name': 'Hot Chocolate', 'isAvailable': True}, {'id': 4003, 'category': 'other', 'name': 'Chai Latte', 'isAvailable': True}, {'id': 4004, 'category': 'other', 'name': 'Green Tea', 'isAvailable': True}, {'id': 4005, 'category': 'other', 'name': 'Black Tea', 'isAvailable': True}, {'id': 4006, 'category': 'other', 'name': 'Herbal Tea', 'isAvailable': True}])
2025-11-20 | ERROR | Error in test_register_invalid_user : 'body' must be a bytes-like object, file-like object, or iterable. Instead was 12345
2025-11-20 | ERROR | Error in test_register_invalid_user : 'body' must be a bytes-like object, file-like object, or iterable. Instead was True
2025-11-20 | ERROR | Error in test_invalid_products_for_order : assert 201 == <HTTPStatus.BAD_REQUEST: 400>
 +  where 201 = <Response [201]>.status_code
2025-11-20 | ERROR | Error in test_invalid_products_for_order : assert 201 == <HTTPStatus.BAD_REQUEST: 400>
 +  where 201 = <Response [201]>.status_code
2025-11-20 | ERROR | Error in test_create_order_with_get_method : assert 200 == <HTTPStatus.METHOD_NOT_ALLOWED: 405>
 +  where 200 = <Response [200]>.status_code
 +  and   <HTTPStatus.METHOD_NOT_ALLOWED: 405> = HTTPStatus.METHOD_NOT_ALLOWED
2025-11-20 | ERROR | Error in test_create_order_wrong_method : assert 200 == <HTTPStatus.METHOD_NOT_ALLOWED: 405>
 +  where 200 = <Response [200]>.status_code
 +  and   <HTTPStatus.METHOD_NOT_ALLOWED: 405> = HTTPStatus.METHOD_NOT_ALLOWED
2025-11-20 | ERROR | Error in test_create_order_invalid_name : assert 500 == <HTTPStatus.BAD_REQUEST: 400>
 +  where 500 = <Response [500]>.status_code
2025-11-20 | ERROR | Error in test_create_order_invalid_name : assert 201 == <HTTPStatus.BAD_REQUEST: 400>
 +  where 201 = <Response [201]>.status_code
2025-11-20 | ERROR | Error in test_create_order_invalid_name : assert 500 == <HTTPStatus.BAD_REQUEST: 400>
 +  where 500 = <Response [500]>.status_code
2025-11-20 | ERROR | Error in test_create_order_invalid_name : assert 201 == <HTTPStatus.BAD_REQUEST: 400>
 +  where 201 = <Response [201]>.status_code
2025-11-20 | ERROR | Error in test_order_by_wrong_id : assert 200 == <HTTPStatus.NOT_FOUND: 404>
 +  where 200 = <Response [200]>.status_code
2025-11-20 | ERROR | Error in test_nonexistent_page : assert 7 == 0
 +  where 7 = len([{'id': 3001, 'category': 'pastry', 'name': 'Croissant', 'isAvailable': True}, {'id': 3002, 'category': 'pastry', 'name': 'Bagel', 'isAvailable': True}, {'id': 3003, 'category': 'pastry', 'name': 'Muffin', 'isAvailable': True}, {'id': 3004, 'category': 'pastry', 'name': 'Scone', 'isAvailable': True}, {'id': 3005, 'category': 'pastry', 'name': 'Danish Pastry', 'isAvailable': True}, {'id': 3006, 'category': 'pastry', 'name': 'Cinnamon Roll', 'isAvailable': True}, {'id': 3007, 'category': 'pastry', 'name': 'Apple Turnover', 'isAvailable': True}])
2025-11-20 | ERROR | Error in test_nonexistent_page : assert 7 == 10
 +  where 7 = len([{'id': 3001, 'category': 'pastry', 'name': 'Croissant', 'isAvailable': True}, {'id': 3002, 'category': 'pastry', 'name': 'Bagel', 'isAvailable': True}, {'id': 3003, 'category': 'pastry', 'name': 'Muffin', 'isAvailable': True}, {'id': 3004, 'category': 'pastry', 'name': 'Scone', 'isAvailable': True}, {'id': 3005, 'category': 'pastry', 'name': 'Danish Pastry', 'isAvailable': True}, {'id': 3006, 'category': 'pastry', 'name': 'Cinnamon Roll', 'isAvailable': True}, {'id': 3007, 'category': 'pastry', 'name': 'Apple Turnover', 'isAvailable': True}])
2025-11-20 | ERROR | Error in test_nonexistent_page : assert 6 == 0
 +  where 6 = len([{'id': 4001, 'category': 'other', 'name': 'Iced Tea', 'isAvailable': True}, {'id': 4002, 'category': 'other', 'name': 'Hot Chocolate', 'isAvailable': True}, {'id': 4003, 'category': 'other', 'name': 'Chai Latte', 'isAvailable': True}, {'id': 4004, 'category': 'other', 'name': 'Green Tea', 'isAvailable': True}, {'id': 4005, 'category': 'other', 'name': 'Black Tea', 'isAvailable': True}, {'id': 4006, 'category': 'other', 'name': 'Herbal Tea', 'isAvailable': True}])
2025-11-20 | ERROR | Error in test_nonexistent_limit : assert 10 == 0
 +  where 10 = len([{'id': 1001, 'category': 'coffee', 'name': 'Espresso', 'isAvailable': True}, {'id': 1002, 'category': 'coffee', 'name': 'Cappuccino', 'isAvailable': True}, {'id': 1003, 'category': 'coffee', 'name': 'Latte', 'isAvailable': True}, {'id': 1004, 'category': 'coffee', 'name': 'Americano', 'isAvailable': True}, {'id': 1005, 'category': 'coffee', 'name': 'Mocha', 'isAvailable': True}, {'id': 1006, 'category': 'coffee', 'name': 'Macchiato', 'isAvailable': True}, {'id': 1007, 'category': 'coffee', 'name': 'Cortado', 'isAvailable': True}, {'id': 1008, 'category': 'coffee', 'name': 'Flat White', 'isAvailable': True}, {'id': 1009, 'category': 'coffee', 'name': 'Iced Coffee', 'isAvailable': True}, {'id': 1010, 'category': 'coffee', 'name': 'Cold Brew', 'isAvailable': True}])
2025-11-20 | ERROR | Error in test_nonexistent_limit : assert 10 == 0
 +  where 10 = len([{'id': 1001, 'category': 'coffee', 'name': 'Espresso', 'isAvailable': True}, {'id': 1002, 'category': 'coffee', 'name': 'Cappuccino', 'isAvailable': True}, {'id': 1003, 'category': 'coffee', 'name': 'Latte', 'isAvailable': True}, {'id': 1004, 'category': 'coffee', 'name': 'Americano', 'isAvailable': True}, {'id': 1005, 'category': 'coffee', 'name': 'Mocha', 'isAvailable': True}, {'id': 1006, 'category': 'coffee', 'name': 'Macchiato', 'isAvailable': True}, {'id': 1007, 'category': 'coffee', 'name': 'Cortado', 'isAvailable': True}, {'id': 1008, 'category': 'coffee', 'name': 'Flat White', 'isAvailable': True}, {'id': 1009, 'category': 'coffee', 'name': 'Iced Coffee', 'isAvailable': True}, {'id': 1010, 'category': 'coffee', 'name': 'Cold Brew', 'isAvailable': True}])
2025-11-20 | ERROR | Error in test_nonexistent_limit : assert 10 == 0
 +  where 10 = len([{'id': 1001, 'category': 'coffee', 'name': 'Espresso', 'isAvailable': True}, {'id': 1002, 'category': 'coffee', 'name': 'Cappuccino', 'isAvailable': True}, {'id': 1003, 'category': 'coffee', 'name': 'Latte', 'isAvailable': True}, {'id': 1004, 'category': 'coffee', 'name': 'Americano', 'isAvailable': True}, {'id': 1005, 'category': 'coffee', 'name': 'Mocha', 'isAvailable': True}, {'id': 1006, 'category': 'coffee', 'name': 'Macchiato', 'isAvailable': True}, {'id': 1007, 'category': 'coffee', 'name': 'Cortado', 'isAvailable': True}, {'id': 1008, 'category': 'coffee', 'name': 'Flat White', 'isAvailable': True}, {'id': 1009, 'category': 'coffee', 'name': 'Iced Coffee', 'isAvailable': True}, {'id': 1010, 'category': 'coffee', 'name': 'Cold Brew', 'isAvailable': True}])
2025-11-20 | ERROR | Error in test_nonexistent_limit : assert 33 == 0
 +  where 33 = len([{'id': 1001, 'category': 'coffee', 'name': 'Espresso', 'isAvailable': True}, {'id': 1002, 'category': 'coffee', 'name': 'Cappuccino', 'isAvailable': True}, {'id': 1003, 'category': 'coffee', 'name': 'Latte', 'isAvailable': True}, {'id': 1004, 'category': 'coffee', 'name': 'Americano', 'isAvailable': True}, {'id': 1005, 'category': 'coffee', 'name': 'Mocha', 'isAvailable': True}, {'id': 1006, 'category': 'coffee', 'name': 'Macchiato', 'isAvailable': True}, {'id': 1007, 'category': 'coffee', 'name': 'Cortado', 'isAvailable': True}, {'id': 1008, 'category': 'coffee', 'name': 'Flat White', 'isAvailable': True}, {'id': 1009, 'category': 'coffee', 'name': 'Iced Coffee', 'isAvailable': True}, {'id': 1010, 'category': 'coffee', 'name': 'Cold Brew', 'isAvailable': True}, {'id': 2001, 'category': 'cookie', 'name': 'Chocolate Chip', 'isAvailable': True}, {'id': 2002, 'category': 'cookie', 'name': 'Oatmeal Raisin', 'isAvailable': True}, {'id': 2003, 'category': 'cookie', 'name': 'Peanut Butter', 'isAvailable': True}, {'id': 2004, 'category': 'cookie', 'name': 'White Chocolate Macadamia', 'isAvailable': True}, {'id': 2005, 'category': 'cookie', 'name': 'Snickerdoodle', 'isAvailable': True}, {'id': 2006, 'category': 'cookie', 'name': 'Sugar Cookie', 'isAvailable': True}, {'id': 2007, 'category': 'cookie', 'name': 'Double Chocolate', 'isAvailable': True}, {'id': 2008, 'category': 'cookie', 'name': 'Gingerbread', 'isAvailable': True}, {'id': 2009, 'category': 'cookie', 'name': 'Lemon Poppy Seed', 'isAvailable': True}, {'id': 2010, 'category': 'cookie', 'name': 'Almond', 'isAvailable': True}, {'id': 3001, 'category': 'pastry', 'name': 'Croissant', 'isAvailable': True}, {'id': 3002, 'category': 'pastry', 'name': 'Bagel', 'isAvailable': True}, {'id': 3003, 'category': 'pastry', 'name': 'Muffin', 'isAvailable': True}, {'id': 3004, 'category': 'pastry', 'name': 'Scone', 'isAvailable': True}, {'id': 3005, 'category': 'pastry', 'name': 'Danish Pastry', 'isAvailable': True}, {'id': 3006, 'category': 'pastry', 'name': 'Cinnamon Roll', 'isAvailable': True}, {'id': 3007, 'category': 'pastry', 'name': 'Apple Turnover', 'isAvailable': True}, {'id': 4001, 'category': 'other', 'name': 'Iced Tea', 'isAvailable': True}, {'id': 4002, 'category': 'other', 'name': 'Hot Chocolate', 'isAvailable': True}, {'id': 4003, 'category': 'other', 'name': 'Chai Latte', 'isAvailable': True}, {'id': 4004, 'category': 'other', 'name': 'Green Tea', 'isAvailable': True}, {'id': 4005, 'category': 'other', 'name': 'Black Tea', 'isAvailable': True}, {'id': 4006, 'category': 'other', 'name': 'Herbal Tea', 'isAvailable': True}])
2025-11-20 | ERROR | Error in test_register_invalid_user : 'body' must be a bytes-like object, file-like object, or iterable. Instead was 12345
2025-11-20 | ERROR | Error in test_register_invalid_user : 'body' must be a bytes-like object, file-like object, or iterable. Instead was True
2025-11-20 | ERROR | Error in test_invalid_products_for_order : assert 201 == <HTTPStatus.BAD_REQUEST: 400>
 +  where 201 = <Response [201]>.status_code
2025-11-20 | ERROR | Error in test_invalid_products_for_order : assert 201 == <HTTPStatus.BAD_REQUEST: 400>
 +  where 201 = <Response [201]>.status_code
2025-11-20 | ERROR | Error in test_create_order_with_get_method : assert 200 == <HTTPStatus.METHOD_NOT_ALLOWED: 405>
 +  where 200 = <Response [200]>.status_code
 +  and   <HTTPStatus.METHOD_NOT_ALLOWED: 405> = HTTPStatus.METHOD_NOT_ALLOWED
2025-11-20 | ERROR | Error in test_create_order_wrong_method : assert 200 == <HTTPStatus.METHOD_NOT_ALLOWED: 405>
 +  where 200 = <Response [200]>.status_code
 +  and   <HTTPStatus.METHOD_NOT_ALLOWED: 405> = HTTPStatus.METHOD_NOT_ALLOWED
2025-11-20 | ERROR | Error in test_create_order_invalid_name : assert 500 == <HTTPStatus.BAD_REQUEST: 400>
 +  where 500 = <Response [500]>.status_code
2025-11-20 | ERROR | Error in test_create_order_invalid_name : assert 201 == <HTTPStatus.BAD_REQUEST: 400>
 +  where 201 = <Response [201]>.status_code
2025-11-20 | ERROR | Error in test_create_order_invalid_name : assert 500 == <HTTPStatus.BAD_REQUEST: 400>
 +  where 500 = <Response [500]>.status_code
2025-11-20 | ERROR | Error in test_create_order_invalid_name : assert 201 == <HTTPStatus.BAD_REQUEST: 400>
 +  where 201 = <Response [201]>.status_code
2025-11-20 | ERROR | Error in test_order_by_wrong_id : assert 200 == <HTTPStatus.NOT_FOUND: 404>
 +  where 200 = <Response [200]>.status_code
2025-11-20 | ERROR | Error in test_nonexistent_page : assert 7 == 0
 +  where 7 = len([{'id': 3001, 'category': 'pastry', 'name': 'Croissant', 'isAvailable': True}, {'id': 3002, 'category': 'pastry', 'name': 'Bagel', 'isAvailable': True}, {'id': 3003, 'category': 'pastry', 'name': 'Muffin', 'isAvailable': True}, {'id': 3004, 'category': 'pastry', 'name': 'Scone', 'isAvailable': True}, {'id': 3005, 'category': 'pastry', 'name': 'Danish Pastry', 'isAvailable': True}, {'id': 3006, 'category': 'pastry', 'name': 'Cinnamon Roll', 'isAvailable': True}, {'id': 3007, 'category': 'pastry', 'name': 'Apple Turnover', 'isAvailable': True}])
2025-11-20 | ERROR | Error in test_nonexistent_page : assert 6 == 10
 +  where 6 = len([{'id': 4001, 'category': 'other', 'name': 'Iced Tea', 'isAvailable': True}, {'id': 4002, 'category': 'other', 'name': 'Hot Chocolate', 'isAvailable': True}, {'id': 4003, 'category': 'other', 'name': 'Chai Latte', 'isAvailable': True}, {'id': 4004, 'category': 'other', 'name': 'Green Tea', 'isAvailable': True}, {'id': 4005, 'category': 'other', 'name': 'Black Tea', 'isAvailable': True}, {'id': 4006, 'category': 'other', 'name': 'Herbal Tea', 'isAvailable': True}])
2025-11-20 | ERROR | Error in test_nonexistent_page : assert 7 == 0
 +  where 7 = len([{'id': 3001, 'category': 'pastry', 'name': 'Croissant', 'isAvailable': True}, {'id': 3002, 'category': 'pastry', 'name': 'Bagel', 'isAvailable': True}, {'id': 3003, 'category': 'pastry', 'name': 'Muffin', 'isAvailable': True}, {'id': 3004, 'category': 'pastry', 'name': 'Scone', 'isAvailable': True}, {'id': 3005, 'category': 'pastry', 'name': 'Danish Pastry', 'isAvailable': True}, {'id': 3006, 'category': 'pastry', 'name': 'Cinnamon Roll', 'isAvailable': True}, {'id': 3007, 'category': 'pastry', 'name': 'Apple Turnover', 'isAvailable': True}])
2025-11-20 | ERROR | Error in test_nonexistent_limit : assert 10 == 0
 +  where 10 = len([{'id': 1001, 'category': 'coffee', 'name': 'Espresso', 'isAvailable': True}, {'id': 1002, 'category': 'coffee', 'name': 'Cappuccino', 'isAvailable': True}, {'id': 1003, 'category': 'coffee', 'name': 'Latte', 'isAvailable': True}, {'id': 1004, 'category': 'coffee', 'name': 'Americano', 'isAvailable': True}, {'id': 1005, 'category': 'coffee', 'name': 'Mocha', 'isAvailable': True}, {'id': 1006, 'category': 'coffee', 'name': 'Macchiato', 'isAvailable': True}, {'id': 1007, 'category': 'coffee', 'name': 'Cortado', 'isAvailable': True}, {'id': 1008, 'category': 'coffee', 'name': 'Flat White', 'isAvailable': True}, {'id': 1009, 'category': 'coffee', 'name': 'Iced Coffee', 'isAvailable': True}, {'id': 1010, 'category': 'coffee', 'name': 'Cold Brew', 'isAvailable': True}])
2025-11-20 | ERROR | Error in test_nonexistent_limit : assert 10 == 0
 +  where 10 = len([{'id': 1001, 'category': 'coffee', 'name': 'Espresso', 'isAvailable': True}, {'id': 1002, 'category': 'coffee', 'name': 'Cappuccino', 'isAvailable': True}, {'id': 1003, 'category': 'coffee', 'name': 'Latte', 'isAvailable': True}, {'id': 1004, 'category': 'coffee', 'name': 'Americano', 'isAvailable': True}, {'id': 1005, 'category': 'coffee', 'name': 'Mocha', 'isAvailable': True}, {'id': 1006, 'category': 'coffee', 'name': 'Macchiato', 'isAvailable': True}, {'id': 1007, 'category': 'coffee', 'name': 'Cortado', 'isAvailable': True}, {'id': 1008, 'category': 'coffee', 'name': 'Flat White', 'isAvailable': True}, {'id': 1009, 'category': 'coffee', 'name': 'Iced Coffee', 'isAvailable': True}, {'id': 1010, 'category': 'coffee', 'name': 'Cold Brew', 'isAvailable': True}])
2025-11-20 | ERROR | Error in test_nonexistent_limit : assert 10 == 0
 +  where 10 = len([{'id': 1001, 'category': 'coffee', 'name': 'Espresso', 'isAvailable': True}, {'id': 1002, 'category': 'coffee', 'name': 'Cappuccino', 'isAvailable': True}, {'id': 1003, 'category': 'coffee', 'name': 'Latte', 'isAvailable': True}, {'id': 1004, 'category': 'coffee', 'name': 'Americano', 'isAvailable': True}, {'id': 1005, 'category': 'coffee', 'name': 'Mocha', 'isAvailable': True}, {'id': 1006, 'category': 'coffee', 'name': 'Macchiato', 'isAvailable': True}, {'id': 1007, 'category': 'coffee', 'name': 'Cortado', 'isAvailable': True}, {'id': 1008, 'category': 'coffee', 'name': 'Flat White', 'isAvailable': True}, {'id': 1009, 'category': 'coffee', 'name': 'Iced Coffee', 'isAvailable': True}, {'id': 1010, 'category': 'coffee', 'name': 'Cold Brew', 'isAvailable': True}])
2025-11-20 | ERROR | Error in test_nonexistent_limit : assert 33 == 0
 +  where 33 = len([{'id': 1001, 'category': 'coffee', 'name': 'Espresso', 'isAvailable': True}, {'id': 1002, 'category': 'coffee', 'name': 'Cappuccino', 'isAvailable': True}, {'id': 1003, 'category': 'coffee', 'name': 'Latte', 'isAvailable': True}, {'id': 1004, 'category': 'coffee', 'name': 'Americano', 'isAvailable': True}, {'id': 1005, 'category': 'coffee', 'name': 'Mocha', 'isAvailable': True}, {'id': 1006, 'category': 'coffee', 'name': 'Macchiato', 'isAvailable': True}, {'id': 1007, 'category': 'coffee', 'name': 'Cortado', 'isAvailable': True}, {'id': 1008, 'category': 'coffee', 'name': 'Flat White', 'isAvailable': True}, {'id': 1009, 'category': 'coffee', 'name': 'Iced Coffee', 'isAvailable': True}, {'id': 1010, 'category': 'coffee', 'name': 'Cold Brew', 'isAvailable': True}, {'id': 2001, 'category': 'cookie', 'name': 'Chocolate Chip', 'isAvailable': True}, {'id': 2002, 'category': 'cookie', 'name': 'Oatmeal Raisin', 'isAvailable': True}, {'id': 2003, 'category': 'cookie', 'name': 'Peanut Butter', 'isAvailable': True}, {'id': 2004, 'category': 'cookie', 'name': 'White Chocolate Macadamia', 'isAvailable': True}, {'id': 2005, 'category': 'cookie', 'name': 'Snickerdoodle', 'isAvailable': True}, {'id': 2006, 'category': 'cookie', 'name': 'Sugar Cookie', 'isAvailable': True}, {'id': 2007, 'category': 'cookie', 'name': 'Double Chocolate', 'isAvailable': True}, {'id': 2008, 'category': 'cookie', 'name': 'Gingerbread', 'isAvailable': True}, {'id': 2009, 'category': 'cookie', 'name': 'Lemon Poppy Seed', 'isAvailable': True}, {'id': 2010, 'category': 'cookie', 'name': 'Almond', 'isAvailable': True}, {'id': 3001, 'category': 'pastry', 'name': 'Croissant', 'isAvailable': True}, {'id': 3002, 'category': 'pastry', 'name': 'Bagel', 'isAvailable': True}, {'id': 3003, 'category': 'pastry', 'name': 'Muffin', 'isAvailable': True}, {'id': 3004, 'category': 'pastry', 'name': 'Scone', 'isAvailable': True}, {'id': 3005, 'category': 'pastry', 'name': 'Danish Pastry', 'isAvailable': True}, {'id': 3006, 'category': 'pastry', 'name': 'Cinnamon Roll', 'isAvailable': True}, {'id': 3007, 'category': 'pastry', 'name': 'Apple Turnover', 'isAvailable': True}, {'id': 4001, 'category': 'other', 'name': 'Iced Tea', 'isAvailable': True}, {'id': 4002, 'category': 'other', 'name': 'Hot Chocolate', 'isAvailable': True}, {'id': 4003, 'category': 'other', 'name': 'Chai Latte', 'isAvailable': True}, {'id': 4004, 'category': 'other', 'name': 'Green Tea', 'isAvailable': True}, {'id': 4005, 'category': 'other', 'name': 'Black Tea', 'isAvailable': True}, {'id': 4006, 'category': 'other', 'name': 'Herbal Tea', 'isAvailable': True}])
2025-11-20 | ERROR | Error in test_register_invalid_user : 'body' must be a bytes-like object, file-like object, or iterable. Instead was 12345
2025-11-20 | ERROR | Error in test_register_invalid_user : 'body' must be a bytes-like object, file-like object, or iterable. Instead was True
2025-11-20 | ERROR | Error in test_invalid_products_for_order : assert 201 == <HTTPStatus.BAD_REQUEST: 400>
 +  where 201 = <Response [201]>.status_code
2025-11-20 | ERROR | Error in test_invalid_products_for_order : assert 201 == <HTTPStatus.BAD_REQUEST: 400>
 +  where 201 = <Response [201]>.status_code
2025-11-20 | ERROR | Error in test_create_order_with_get_method : assert 200 == <HTTPStatus.METHOD_NOT_ALLOWED: 405>
 +  where 200 = <Response [200]>.status_code
 +  and   <HTTPStatus.METHOD_NOT_ALLOWED: 405> = HTTPStatus.METHOD_NOT_ALLOWED
2025-11-20 | ERROR | Error in test_create_order_wrong_method : assert 200 == <HTTPStatus.METHOD_NOT_ALLOWED: 405>
 +  where 200 = <Response [200]>.status_code
 +  and   <HTTPStatus.METHOD_NOT_ALLOWED: 405> = HTTPStatus.METHOD_NOT_ALLOWED
2025-11-20 | ERROR | Error in test_create_order_invalid_name : assert 500 == <HTTPStatus.BAD_REQUEST: 400>
 +  where 500 = <Response [500]>.status_code
2025-11-20 | ERROR | Error in test_create_order_invalid_name : assert 201 == <HTTPStatus.BAD_REQUEST: 400>
 +  where 201 = <Response [201]>.status_code
2025-11-20 | ERROR | Error in test_create_order_invalid_name : assert 500 == <HTTPStatus.BAD_REQUEST: 400>
 +  where 500 = <Response [500]>.status_code
2025-11-20 | ERROR | Error in test_create_order_invalid_name : assert 201 == <HTTPStatus.BAD_REQUEST: 400>
 +  where 201 = <Response [201]>.status_code
2025-11-20 | ERROR | Error in test_order_by_wrong_id : assert 200 == <HTTPStatus.NOT_FOUND: 404>
 +  where 200 = <Response [200]>.status_code
2025-11-20 | ERROR | Error in test_nonexistent_page : assert 10 == 0
 +  where 10 = len([{'id': 1001, 'category': 'coffee', 'name': 'Espresso', 'isAvailable': True}, {'id': 1002, 'category': 'coffee', 'name': 'Cappuccino', 'isAvailable': True}, {'id': 1003, 'category': 'coffee', 'name': 'Latte', 'isAvailable': True}, {'id': 1004, 'category': 'coffee', 'name': 'Americano', 'isAvailable': True}, {'id': 1005, 'category': 'coffee', 'name': 'Mocha', 'isAvailable': True}, {'id': 1006, 'category': 'coffee', 'name': 'Macchiato', 'isAvailable': True}, {'id': 1007, 'category': 'coffee', 'name': 'Cortado', 'isAvailable': True}, {'id': 1008, 'category': 'coffee', 'name': 'Flat White', 'isAvailable': True}, {'id': 1009, 'category': 'coffee', 'name': 'Iced Coffee', 'isAvailable': True}, {'id': 1010, 'category': 'coffee', 'name': 'Cold Brew', 'isAvailable': True}])
2025-11-20 | ERROR | Error in test_nonexistent_page : assert 6 == 10
 +  where 6 = len([{'id': 4001, 'category': 'other', 'name': 'Iced Tea', 'isAvailable': True}, {'id': 4002, 'category': 'other', 'name': 'Hot Chocolate', 'isAvailable': True}, {'id': 4003, 'category': 'other', 'name': 'Chai Latte', 'isAvailable': True}, {'id': 4004, 'category': 'other', 'name': 'Green Tea', 'isAvailable': True}, {'id': 4005, 'category': 'other', 'name': 'Black Tea', 'isAvailable': True}, {'id': 4006, 'category': 'other', 'name': 'Herbal Tea', 'isAvailable': True}])
2025-11-20 | ERROR | Error in test_nonexistent_page : assert 10 == 0
 +  where 10 = len([{'id': 2001, 'category': 'cookie', 'name': 'Chocolate Chip', 'isAvailable': True}, {'id': 2002, 'category': 'cookie', 'name': 'Oatmeal Raisin', 'isAvailable': True}, {'id': 2003, 'category': 'cookie', 'name': 'Peanut Butter', 'isAvailable': True}, {'id': 2004, 'category': 'cookie', 'name': 'White Chocolate Macadamia', 'isAvailable': True}, {'id': 2005, 'category': 'cookie', 'name': 'Snickerdoodle', 'isAvailable': True}, {'id': 2006, 'category': 'cookie', 'name': 'Sugar Cookie', 'isAvailable': True}, {'id': 2007, 'category': 'cookie', 'name': 'Double Chocolate', 'isAvailable': True}, {'id': 2008, 'category': 'cookie', 'name': 'Gingerbread', 'isAvailable': True}, {'id': 2009, 'category': 'cookie', 'name': 'Lemon Poppy Seed', 'isAvailable': True}, {'id': 2010, 'category': 'cookie', 'name': 'Almond', 'isAvailable': True}])
2025-11-20 | ERROR | Error in test_nonexistent_limit : assert 10 == 0
 +  where 10 = len([{'id': 1001, 'category': 'coffee', 'name': 'Espresso', 'isAvailable': True}, {'id': 1002, 'category': 'coffee', 'name': 'Cappuccino', 'isAvailable': True}, {'id': 1003, 'category': 'coffee', 'name': 'Latte', 'isAvailable': True}, {'id': 1004, 'category': 'coffee', 'name': 'Americano', 'isAvailable': True}, {'id': 1005, 'category': 'coffee', 'name': 'Mocha', 'isAvailable': True}, {'id': 1006, 'category': 'coffee', 'name': 'Macchiato', 'isAvailable': True}, {'id': 1007, 'category': 'coffee', 'name': 'Cortado', 'isAvailable': True}, {'id': 1008, 'category': 'coffee', 'name': 'Flat White', 'isAvailable': True}, {'id': 1009, 'category': 'coffee', 'name': 'Iced Coffee', 'isAvailable': True}, {'id': 1010, 'category': 'coffee', 'name': 'Cold Brew', 'isAvailable': True}])
2025-11-20 | ERROR | Error in test_nonexistent_limit : assert 10 == 0
 +  where 10 = len([{'id': 1001, 'category': 'coffee', 'name': 'Espresso', 'isAvailable': True}, {'id': 1002, 'category': 'coffee', 'name': 'Cappuccino', 'isAvailable': True}, {'id': 1003, 'category': 'coffee', 'name': 'Latte', 'isAvailable': True}, {'id': 1004, 'category': 'coffee', 'name': 'Americano', 'isAvailable': True}, {'id': 1005, 'category': 'coffee', 'name': 'Mocha', 'isAvailable': True}, {'id': 1006, 'category': 'coffee', 'name': 'Macchiato', 'isAvailable': True}, {'id': 1007, 'category': 'coffee', 'name': 'Cortado', 'isAvailable': True}, {'id': 1008, 'category': 'coffee', 'name': 'Flat White', 'isAvailable': True}, {'id': 1009, 'category': 'coffee', 'name': 'Iced Coffee', 'isAvailable': True}, {'id': 1010, 'category': 'coffee', 'name': 'Cold Brew', 'isAvailable': True}])
2025-11-20 | ERROR | Error in test_nonexistent_limit : assert 10 == 0
 +  where 10 = len([{'id': 1001, 'category': 'coffee', 'name': 'Espresso', 'isAvailable': True}, {'id': 1002, 'category': 'coffee', 'name': 'Cappuccino', 'isAvailable': True}, {'id': 1003, 'category': 'coffee', 'name': 'Latte', 'isAvailable': True}, {'id': 1004, 'category': 'coffee', 'name': 'Americano', 'isAvailable': True}, {'id': 1005, 'category': 'coffee', 'name': 'Mocha', 'isAvailable': True}, {'id': 1006, 'category': 'coffee', 'name': 'Macchiato', 'isAvailable': True}, {'id': 1007, 'category': 'coffee', 'name': 'Cortado', 'isAvailable': True}, {'id': 1008, 'category': 'coffee', 'name': 'Flat White', 'isAvailable': True}, {'id': 1009, 'category': 'coffee', 'name': 'Iced Coffee', 'isAvailable': True}, {'id': 1010, 'category': 'coffee', 'name': 'Cold Brew', 'isAvailable': True}])
2025-11-20 | ERROR | Error in test_nonexistent_limit : assert 33 == 0
 +  where 33 = len([{'id': 1001, 'category': 'coffee', 'name': 'Espresso', 'isAvailable': True}, {'id': 1002, 'category': 'coffee', 'name': 'Cappuccino', 'isAvailable': True}, {'id': 1003, 'category': 'coffee', 'name': 'Latte', 'isAvailable': True}, {'id': 1004, 'category': 'coffee', 'name': 'Americano', 'isAvailable': True}, {'id': 1005, 'category': 'coffee', 'name': 'Mocha', 'isAvailable': True}, {'id': 1006, 'category': 'coffee', 'name': 'Macchiato', 'isAvailable': True}, {'id': 1007, 'category': 'coffee', 'name': 'Cortado', 'isAvailable': True}, {'id': 1008, 'category': 'coffee', 'name': 'Flat White', 'isAvailable': True}, {'id': 1009, 'category': 'coffee', 'name': 'Iced Coffee', 'isAvailable': True}, {'id': 1010, 'category': 'coffee', 'name': 'Cold Brew', 'isAvailable': True}, {'id': 2001, 'category': 'cookie', 'name': 'Chocolate Chip', 'isAvailable': True}, {'id': 2002, 'category': 'cookie', 'name': 'Oatmeal Raisin', 'isAvailable': True}, {'id': 2003, 'category': 'cookie', 'name': 'Peanut Butter', 'isAvailable': True}, {'id': 2004, 'category': 'cookie', 'name': 'White Chocolate Macadamia', 'isAvailable': True}, {'id': 2005, 'category': 'cookie', 'name': 'Snickerdoodle', 'isAvailable': True}, {'id': 2006, 'category': 'cookie', 'name': 'Sugar Cookie', 'isAvailable': True}, {'id': 2007, 'category': 'cookie', 'name': 'Double Chocolate', 'isAvailable': True}, {'id': 2008, 'category': 'cookie', 'name': 'Gingerbread', 'isAvailable': True}, {'id': 2009, 'category': 'cookie', 'name': 'Lemon Poppy Seed', 'isAvailable': True}, {'id': 2010, 'category': 'cookie', 'name': 'Almond', 'isAvailable': True}, {'id': 3001, 'category': 'pastry', 'name': 'Croissant', 'isAvailable': True}, {'id': 3002, 'category': 'pastry', 'name': 'Bagel', 'isAvailable': True}, {'id': 3003, 'category': 'pastry', 'name': 'Muffin', 'isAvailable': True}, {'id': 3004, 'category': 'pastry', 'name': 'Scone', 'isAvailable': True}, {'id': 3005, 'category': 'pastry', 'name': 'Danish Pastry', 'isAvailable': True}, {'id': 3006, 'category': 'pastry', 'name': 'Cinnamon Roll', 'isAvailable': True}, {'id': 3007, 'category': 'pastry', 'name': 'Apple Turnover', 'isAvailable': True}, {'id': 4001, 'category': 'other', 'name': 'Iced Tea', 'isAvailable': True}, {'id': 4002, 'category': 'other', 'name': 'Hot Chocolate', 'isAvailable': True}, {'id': 4003, 'category': 'other', 'name': 'Chai Latte', 'isAvailable': True}, {'id': 4004, 'category': 'other', 'name': 'Green Tea', 'isAvailable': True}, {'id': 4005, 'category': 'other', 'name': 'Black Tea', 'isAvailable': True}, {'id': 4006, 'category': 'other', 'name': 'Herbal Tea', 'isAvailable': True}])
2025-11-20 | ERROR | Error in test_register_invalid_user : 'body' must be a bytes-like object, file-like object, or iterable. Instead was 12345
2025-11-20 | ERROR | Error in test_register_invalid_user : 'body' must be a bytes-like object, file-like object, or iterable. Instead was True
2025-11-20 | ERROR | Error in test_invalid_products_for_order : assert 201 == <HTTPStatus.BAD_REQUEST: 400>
 +  where 201 = <Response [201]>.status_code
2025-11-20 | ERROR | Error in test_invalid_products_for_order : assert 201 == <HTTPStatus.BAD_REQUEST: 400>
 +  where 201 = <Response [201]>.status_code
2025-11-20 | ERROR | Error in test_create_order_with_get_method : assert 200 == <HTTPStatus.METHOD_NOT_ALLOWED: 405>
 +  where 200 = <Response [200]>.status_code
 +  and   <HTTPStatus.METHOD_NOT_ALLOWED: 405> = HTTPStatus.METHOD_NOT_ALLOWED
2025-11-20 | ERROR | Error in test_create_order_wrong_method : ('Connection aborted.', ConnectionResetError(10054, 'Удаленный хост принудительно разорвал существующее подключение', None, 10054, None))
2025-11-20 | ERROR | Error in test_create_order_invalid_name : assert 500 == <HTTPStatus.BAD_REQUEST: 400>
 +  where 500 = <Response [500]>.status_code
2025-11-20 | ERROR | Error in test_create_order_invalid_name : assert 201 == <HTTPStatus.BAD_REQUEST: 400>
 +  where 201 = <Response [201]>.status_code
2025-11-20 | ERROR | Error in test_create_order_invalid_name : assert 500 == <HTTPStatus.BAD_REQUEST: 400>
 +  where 500 = <Response [500]>.status_code
2025-11-20 | ERROR | Error in test_create_order_invalid_name : assert 201 == <HTTPStatus.BAD_REQUEST: 400>
 +  where 201 = <Response [201]>.status_code
2025-11-20 | ERROR | Error in test_order_by_wrong_id : assert 200 == <HTTPStatus.NOT_FOUND: 404>
 +  where 200 = <Response [200]>.status_code
2025-11-20 | ERROR | Error in test_nonexistent_page : assert 6 == 0
 +  where 6 = len([{'id': 4001, 'category': 'other', 'name': 'Iced Tea', 'isAvailable': True}, {'id': 4002, 'category': 'other', 'name': 'Hot Chocolate', 'isAvailable': True}, {'id': 4003, 'category': 'other', 'name': 'Chai Latte', 'isAvailable': True}, {'id': 4004, 'category': 'other', 'name': 'Green Tea', 'isAvailable': True}, {'id': 4005, 'category': 'other', 'name': 'Black Tea', 'isAvailable': True}, {'id': 4006, 'category': 'other', 'name': 'Herbal Tea', 'isAvailable': True}])
2025-11-20 | ERROR | Error in test_nonexistent_page : assert 7 == 10
 +  where 7 = len([{'id': 3001, 'category': 'pastry', 'name': 'Croissant', 'isAvailable': True}, {'id': 3002, 'category': 'pastry', 'name': 'Bagel', 'isAvailable': True}, {'id': 3003, 'category': 'pastry', 'name': 'Muffin', 'isAvailable': True}, {'id': 3004, 'category': 'pastry', 'name': 'Scone', 'isAvailable': True}, {'id': 3005, 'category': 'pastry', 'name': 'Danish Pastry', 'isAvailable': True}, {'id': 3006, 'category': 'pastry', 'name': 'Cinnamon Roll', 'isAvailable': True}, {'id': 3007, 'category': 'pastry', 'name': 'Apple Turnover', 'isAvailable': True}])
2025-11-20 | ERROR | Error in test_nonexistent_page : assert 7 == 0
 +  where 7 = len([{'id': 3001, 'category': 'pastry', 'name': 'Croissant', 'isAvailable': True}, {'id': 3002, 'category': 'pastry', 'name': 'Bagel', 'isAvailable': True}, {'id': 3003, 'category': 'pastry', 'name': 'Muffin', 'isAvailable': True}, {'id': 3004, 'category': 'pastry', 'name': 'Scone', 'isAvailable': True}, {'id': 3005, 'category': 'pastry', 'name': 'Danish Pastry', 'isAvailable': True}, {'id': 3006, 'category': 'pastry', 'name': 'Cinnamon Roll', 'isAvailable': True}, {'id': 3007, 'category': 'pastry', 'name': 'Apple Turnover', 'isAvailable': True}])
2025-11-20 | ERROR | Error in test_nonexistent_limit : assert 10 == 0
 +  where 10 = len([{'id': 1001, 'category': 'coffee', 'name': 'Espresso', 'isAvailable': True}, {'id': 1002, 'category': 'coffee', 'name': 'Cappuccino', 'isAvailable': True}, {'id': 1003, 'category': 'coffee', 'name': 'Latte', 'isAvailable': True}, {'id': 1004, 'category': 'coffee', 'name': 'Americano', 'isAvailable': True}, {'id': 1005, 'category': 'coffee', 'name': 'Mocha', 'isAvailable': True}, {'id': 1006, 'category': 'coffee', 'name': 'Macchiato', 'isAvailable': True}, {'id': 1007, 'category': 'coffee', 'name': 'Cortado', 'isAvailable': True}, {'id': 1008, 'category': 'coffee', 'name': 'Flat White', 'isAvailable': True}, {'id': 1009, 'category': 'coffee', 'name': 'Iced Coffee', 'isAvailable': True}, {'id': 1010, 'category': 'coffee', 'name': 'Cold Brew', 'isAvailable': True}])
2025-11-20 | ERROR | Error in test_nonexistent_limit : assert 10 == 0
 +  where 10 = len([{'id': 1001, 'category': 'coffee', 'name': 'Espresso', 'isAvailable': True}, {'id': 1002, 'category': 'coffee', 'name': 'Cappuccino', 'isAvailable': True}, {'id': 1003, 'category': 'coffee', 'name': 'Latte', 'isAvailable': True}, {'id': 1004, 'category': 'coffee', 'name': 'Americano', 'isAvailable': True}, {'id': 1005, 'category': 'coffee', 'name': 'Mocha', 'isAvailable': True}, {'id': 1006, 'category': 'coffee', 'name': 'Macchiato', 'isAvailable': True}, {'id': 1007, 'category': 'coffee', 'name': 'Cortado', 'isAvailable': True}, {'id': 1008, 'category': 'coffee', 'name': 'Flat White', 'isAvailable': True}, {'id': 1009, 'category': 'coffee', 'name': 'Iced Coffee', 'isAvailable': True}, {'id': 1010, 'category': 'coffee', 'name': 'Cold Brew', 'isAvailable': True}])
2025-11-20 | ERROR | Error in test_nonexistent_limit : assert 10 == 0
 +  where 10 = len([{'id': 1001, 'category': 'coffee', 'name': 'Espresso', 'isAvailable': True}, {'id': 1002, 'category': 'coffee', 'name': 'Cappuccino', 'isAvailable': True}, {'id': 1003, 'category': 'coffee', 'name': 'Latte', 'isAvailable': True}, {'id': 1004, 'category': 'coffee', 'name': 'Americano', 'isAvailable': True}, {'id': 1005, 'category': 'coffee', 'name': 'Mocha', 'isAvailable': True}, {'id': 1006, 'category': 'coffee', 'name': 'Macchiato', 'isAvailable': True}, {'id': 1007, 'category': 'coffee', 'name': 'Cortado', 'isAvailable': True}, {'id': 1008, 'category': 'coffee', 'name': 'Flat White', 'isAvailable': True}, {'id': 1009, 'category': 'coffee', 'name': 'Iced Coffee', 'isAvailable': True}, {'id': 1010, 'category': 'coffee', 'name': 'Cold Brew', 'isAvailable': True}])
2025-11-20 | ERROR | Error in test_nonexistent_limit : assert 33 == 0
 +  where 33 = len([{'id': 1001, 'category': 'coffee', 'name': 'Espresso', 'isAvailable': True}, {'id': 1002, 'category': 'coffee', 'name': 'Cappuccino', 'isAvailable': True}, {'id': 1003, 'category': 'coffee', 'name': 'Latte', 'isAvailable': True}, {'id': 1004, 'category': 'coffee', 'name': 'Americano', 'isAvailable': True}, {'id': 1005, 'category': 'coffee', 'name': 'Mocha', 'isAvailable': True}, {'id': 1006, 'category': 'coffee', 'name': 'Macchiato', 'isAvailable': True}, {'id': 1007, 'category': 'coffee', 'name': 'Cortado', 'isAvailable': True}, {'id': 1008, 'category': 'coffee', 'name': 'Flat White', 'isAvailable': True}, {'id': 1009, 'category': 'coffee', 'name': 'Iced Coffee', 'isAvailable': True}, {'id': 1010, 'category': 'coffee', 'name': 'Cold Brew', 'isAvailable': True}, {'id': 2001, 'category': 'cookie', 'name': 'Chocolate Chip', 'isAvailable': True}, {'id': 2002, 'category': 'cookie', 'name': 'Oatmeal Raisin', 'isAvailable': True}, {'id': 2003, 'category': 'cookie', 'name': 'Peanut Butter', 'isAvailable': True}, {'id': 2004, 'category': 'cookie', 'name': 'White Chocolate Macadamia', 'isAvailable': True}, {'id': 2005, 'category': 'cookie', 'name': 'Snickerdoodle', 'isAvailable': True}, {'id': 2006, 'category': 'cookie', 'name': 'Sugar Cookie', 'isAvailable': True}, {'id': 2007, 'category': 'cookie', 'name': 'Double Chocolate', 'isAvailable': True}, {'id': 2008, 'category': 'cookie', 'name': 'Gingerbread', 'isAvailable': True}, {'id': 2009, 'category': 'cookie', 'name': 'Lemon Poppy Seed', 'isAvailable': True}, {'id': 2010, 'category': 'cookie', 'name': 'Almond', 'isAvailable': True}, {'id': 3001, 'category': 'pastry', 'name': 'Croissant', 'isAvailable': True}, {'id': 3002, 'category': 'pastry', 'name': 'Bagel', 'isAvailable': True}, {'id': 3003, 'category': 'pastry', 'name': 'Muffin', 'isAvailable': True}, {'id': 3004, 'category': 'pastry', 'name': 'Scone', 'isAvailable': True}, {'id': 3005, 'category': 'pastry', 'name': 'Danish Pastry', 'isAvailable': True}, {'id': 3006, 'category': 'pastry', 'name': 'Cinnamon Roll', 'isAvailable': True}, {'id': 3007, 'category': 'pastry', 'name': 'Apple Turnover', 'isAvailable': True}, {'id': 4001, 'category': 'other', 'name': 'Iced Tea', 'isAvailable': True}, {'id': 4002, 'category': 'other', 'name': 'Hot Chocolate', 'isAvailable': True}, {'id': 4003, 'category': 'other', 'name': 'Chai Latte', 'isAvailable': True}, {'id': 4004, 'category': 'other', 'name': 'Green Tea', 'isAvailable': True}, {'id': 4005, 'category': 'other', 'name': 'Black Tea', 'isAvailable': True}, {'id': 4006, 'category': 'other', 'name': 'Herbal Tea', 'isAvailable': True}])
2025-11-20 | ERROR | Error in test_register_invalid_user : 'body' must be a bytes-like object, file-like object, or iterable. Instead was 12345
2025-11-20 | ERROR | Error in test_register_invalid_user : 'body' must be a bytes-like object, file-like object, or iterable. Instead was True
2025-11-20 | ERROR | Error in test_invalid_products_for_order : assert 201 == <HTTPStatus.BAD_REQUEST: 400>
 +  where 201 = <Response [201]>.status_code
2025-11-20 | ERROR | Error in test_invalid_products_for_order : assert 201 == <HTTPStatus.BAD_REQUEST: 400>
 +  where 201 = <Response [201]>.status_code
2025-11-20 | ERROR | Error in test_create_order_with_get_method : assert 200 == <HTTPStatus.METHOD_NOT_ALLOWED: 405>
 +  where 200 = <Response [200]>.status_code
 +  and   <HTTPStatus.METHOD_NOT_ALLOWED: 405> = HTTPStatus.METHOD_NOT_ALLOWED
2025-11-20 | ERROR | Error in test_create_order_wrong_method : assert 200 == <HTTPStatus.METHOD_NOT_ALLOWED: 405>
 +  where 200 = <Response [200]>.status_code
 +  and   <HTTPStatus.METHOD_NOT_ALLOWED: 405> = HTTPStatus.METHOD_NOT_ALLOWED
2025-11-20 | ERROR | Error in test_create_order_invalid_name : assert 500 == <HTTPStatus.BAD_REQUEST: 400>
 +  where 500 = <Response [500]>.status_code
2025-11-20 | ERROR | Error in test_create_order_invalid_name : assert 201 == <HTTPStatus.BAD_REQUEST: 400>
 +  where 201 = <Response [201]>.status_code
2025-11-20 | ERROR | Error in test_create_order_invalid_name : assert 500 == <HTTPStatus.BAD_REQUEST: 400>
 +  where 500 = <Response [500]>.status_code
2025-11-20 | ERROR | Error in test_create_order_invalid_name : assert 201 == <HTTPStatus.BAD_REQUEST: 400>
 +  where 201 = <Response [201]>.status_code
2025-11-20 | ERROR | Error in test_order_by_wrong_id : assert 200 == <HTTPStatus.NOT_FOUND: 404>
 +  where 200 = <Response [200]>.status_code
2025-11-20 | ERROR | Error in test_nonexistent_page : assert 10 == 0
 +  where 10 = len([{'id': 2001, 'category': 'cookie', 'name': 'Chocolate Chip', 'isAvailable': True}, {'id': 2002, 'category': 'cookie', 'name': 'Oatmeal Raisin', 'isAvailable': True}, {'id': 2003, 'category': 'cookie', 'name': 'Peanut Butter', 'isAvailable': True}, {'id': 2004, 'category': 'cookie', 'name': 'White Chocolate Macadamia', 'isAvailable': True}, {'id': 2005, 'category': 'cookie', 'name': 'Snickerdoodle', 'isAvailable': True}, {'id': 2006, 'category': 'cookie', 'name': 'Sugar Cookie', 'isAvailable': True}, {'id': 2007, 'category': 'cookie', 'name': 'Double Chocolate', 'isAvailable': True}, {'id': 2008, 'category': 'cookie', 'name': 'Gingerbread', 'isAvailable': True}, {'id': 2009, 'category': 'cookie', 'name': 'Lemon Poppy Seed', 'isAvailable': True}, {'id': 2010, 'category': 'cookie', 'name': 'Almond', 'isAvailable': True}])
2025-11-20 | ERROR | Error in test_nonexistent_page : assert 6 == 10
 +  where 6 = len([{'id': 4001, 'category': 'other', 'name': 'Iced Tea', 'isAvailable': True}, {'id': 4002, 'category': 'other', 'name': 'Hot Chocolate', 'isAvailable': True}, {'id': 4003, 'category': 'other', 'name': 'Chai Latte', 'isAvailable': True}, {'id': 4004, 'category': 'other', 'name': 'Green Tea', 'isAvailable': True}, {'id': 4005, 'category': 'other', 'name': 'Black Tea', 'isAvailable': True}, {'id': 4006, 'category': 'other', 'name': 'Herbal Tea', 'isAvailable': True}])
2025-11-20 | ERROR | Error in test_nonexistent_page : assert 7 == 0
 +  where 7 = len([{'id': 3001, 'category': 'pastry', 'name': 'Croissant', 'isAvailable': True}, {'id': 3002, 'category': 'pastry', 'name': 'Bagel', 'isAvailable': True}, {'id': 3003, 'category': 'pastry', 'name': 'Muffin', 'isAvailable': True}, {'id': 3004, 'category': 'pastry', 'name': 'Scone', 'isAvailable': True}, {'id': 3005, 'category': 'pastry', 'name': 'Danish Pastry', 'isAvailable': True}, {'id': 3006, 'category': 'pastry', 'name': 'Cinnamon Roll', 'isAvailable': True}, {'id': 3007, 'category': 'pastry', 'name': 'Apple Turnover', 'isAvailable': True}])
2025-11-20 | ERROR | Error in test_nonexistent_limit : assert 10 == 0
 +  where 10 = len([{'id': 1001, 'category': 'coffee', 'name': 'Espresso', 'isAvailable': True}, {'id': 1002, 'category': 'coffee', 'name': 'Cappuccino', 'isAvailable': True}, {'id': 1003, 'category': 'coffee', 'name': 'Latte', 'isAvailable': True}, {'id': 1004, 'category': 'coffee', 'name': 'Americano', 'isAvailable': True}, {'id': 1005, 'category': 'coffee', 'name': 'Mocha', 'isAvailable': True}, {'id': 1006, 'category': 'coffee', 'name': 'Macchiato', 'isAvailable': True}, {'id': 1007, 'category': 'coffee', 'name': 'Cortado', 'isAvailable': True}, {'id': 1008, 'category': 'coffee', 'name': 'Flat White', 'isAvailable': True}, {'id': 1009, 'category': 'coffee', 'name': 'Iced Coffee', 'isAvailable': True}, {'id': 1010, 'category': 'coffee', 'name': 'Cold Brew', 'isAvailable': True}])
2025-11-20 | ERROR | Error in test_nonexistent_limit : assert 10 == 0
 +  where 10 = len([{'id': 1001, 'category': 'coffee', 'name': 'Espresso', 'isAvailable': True}, {'id': 1002, 'category': 'coffee', 'name': 'Cappuccino', 'isAvailable': True}, {'id': 1003, 'category': 'coffee', 'name': 'Latte', 'isAvailable': True}, {'id': 1004, 'category': 'coffee', 'name': 'Americano', 'isAvailable': True}, {'id': 1005, 'category': 'coffee', 'name': 'Mocha', 'isAvailable': True}, {'id': 1006, 'category': 'coffee', 'name': 'Macchiato', 'isAvailable': True}, {'id': 1007, 'category': 'coffee', 'name': 'Cortado', 'isAvailable': True}, {'id': 1008, 'category': 'coffee', 'name': 'Flat White', 'isAvailable': True}, {'id': 1009, 'category': 'coffee', 'name': 'Iced Coffee', 'isAvailable': True}, {'id': 1010, 'category': 'coffee', 'name': 'Cold Brew', 'isAvailable': True}])
2025-11-20 | ERROR | Error in test_nonexistent_limit : assert 10 == 0
 +  where 10 = len([{'id': 1001, 'category': 'coffee', 'name': 'Espresso', 'isAvailable': True}, {'id': 1002, 'category': 'coffee', 'name': 'Cappuccino', 'isAvailable': True}, {'id': 1003, 'category': 'coffee', 'name': 'Latte', 'isAvailable': True}, {'id': 1004, 'category': 'coffee', 'name': 'Americano', 'isAvailable': True}, {'id': 1005, 'category': 'coffee', 'name': 'Mocha', 'isAvailable': True}, {'id': 1006, 'category': 'coffee', 'name': 'Macchiato', 'isAvailable': True}, {'id': 1007, 'category': 'coffee', 'name': 'Cortado', 'isAvailable': True}, {'id': 1008, 'category': 'coffee', 'name': 'Flat White', 'isAvailable': True}, {'id': 1009, 'category': 'coffee', 'name': 'Iced Coffee', 'isAvailable': True}, {'id': 1010, 'category': 'coffee', 'name': 'Cold Brew', 'isAvailable': True}])
2025-11-20 | ERROR | Error in test_nonexistent_limit : assert 33 == 0
 +  where 33 = len([{'id': 1001, 'category': 'coffee', 'name': 'Espresso', 'isAvailable': True}, {'id': 1002, 'category': 'coffee', 'name': 'Cappuccino', 'isAvailable': True}, {'id': 1003, 'category': 'coffee', 'name': 'Latte', 'isAvailable': True}, {'id': 1004, 'category': 'coffee', 'name': 'Americano', 'isAvailable': True}, {'id': 1005, 'category': 'coffee', 'name': 'Mocha', 'isAvailable': True}, {'id': 1006, 'category': 'coffee', 'name': 'Macchiato', 'isAvailable': True}, {'id': 1007, 'category': 'coffee', 'name': 'Cortado', 'isAvailable': True}, {'id': 1008, 'category': 'coffee', 'name': 'Flat White', 'isAvailable': True}, {'id': 1009, 'category': 'coffee', 'name': 'Iced Coffee', 'isAvailable': True}, {'id': 1010, 'category': 'coffee', 'name': 'Cold Brew', 'isAvailable': True}, {'id': 2001, 'category': 'cookie', 'name': 'Chocolate Chip', 'isAvailable': True}, {'id': 2002, 'category': 'cookie', 'name': 'Oatmeal Raisin', 'isAvailable': True}, {'id': 2003, 'category': 'cookie', 'name': 'Peanut Butter', 'isAvailable': True}, {'id': 2004, 'category': 'cookie', 'name': 'White Chocolate Macadamia', 'isAvailable': True}, {'id': 2005, 'category': 'cookie', 'name': 'Snickerdoodle', 'isAvailable': True}, {'id': 2006, 'category': 'cookie', 'name': 'Sugar Cookie', 'isAvailable': True}, {'id': 2007, 'category': 'cookie', 'name': 'Double Chocolate', 'isAvailable': True}, {'id': 2008, 'category': 'cookie', 'name': 'Gingerbread', 'isAvailable': True}, {'id': 2009, 'category': 'cookie', 'name': 'Lemon Poppy Seed', 'isAvailable': True}, {'id': 2010, 'category': 'cookie', 'name': 'Almond', 'isAvailable': True}, {'id': 3001, 'category': 'pastry', 'name': 'Croissant', 'isAvailable': True}, {'id': 3002, 'category': 'pastry', 'name': 'Bagel', 'isAvailable': True}, {'id': 3003, 'category': 'pastry', 'name': 'Muffin', 'isAvailable': True}, {'id': 3004, 'category': 'pastry', 'name': 'Scone', 'isAvailable': True}, {'id': 3005, 'category': 'pastry', 'name': 'Danish Pastry', 'isAvailable': True}, {'id': 3006, 'category': 'pastry', 'name': 'Cinnamon Roll', 'isAvailable': True}, {'id': 3007, 'category': 'pastry', 'name': 'Apple Turnover', 'isAvailable': True}, {'id': 4001, 'category': 'other', 'name': 'Iced Tea', 'isAvailable': True}, {'id': 4002, 'category': 'other', 'name': 'Hot Chocolate', 'isAvailable': True}, {'id': 4003, 'category': 'other', 'name': 'Chai Latte', 'isAvailable': True}, {'id': 4004, 'category': 'other', 'name': 'Green Tea', 'isAvailable': True}, {'id': 4005, 'category': 'other', 'name': 'Black Tea', 'isAvailable': True}, {'id': 4006, 'category': 'other', 'name': 'Herbal Tea', 'isAvailable': True}])
2025-11-20 | ERROR | Error in test_register_invalid_user : 'body' must be a bytes-like object, file-like object, or iterable. Instead was 12345
2025-11-20 | ERROR | Error in test_register_invalid_user : 'body' must be a bytes-like object, file-like object, or iterable. Instead was True
2025-11-20 | ERROR | Error in test_invalid_products_for_order : assert 201 == <HTTPStatus.BAD_REQUEST: 400>
 +  where 201 = <Response [201]>.status_code
2025-11-20 | ERROR | Error in test_invalid_products_for_order : assert 201 == <HTTPStatus.BAD_REQUEST: 400>
 +  where 201 = <Response [201]>.status_code
2025-11-20 | ERROR | Error in test_create_order_with_get_method : assert 200 == <HTTPStatus.METHOD_NOT_ALLOWED: 405>
 +  where 200 = <Response [200]>.status_code
 +  and   <HTTPStatus.METHOD_NOT_ALLOWED: 405> = HTTPStatus.METHOD_NOT_ALLOWED
2025-11-20 | ERROR | Error in test_create_order_wrong_method : assert 200 == <HTTPStatus.METHOD_NOT_ALLOWED: 405>
 +  where 200 = <Response [200]>.status_code
 +  and   <HTTPStatus.METHOD_NOT_ALLOWED: 405> = HTTPStatus.METHOD_NOT_ALLOWED
2025-11-20 | ERROR | Error in test_create_order_invalid_name : assert 500 == <HTTPStatus.BAD_REQUEST: 400>
 +  where 500 = <Response [500]>.status_code
2025-11-20 | ERROR | Error in test_create_order_invalid_name : assert 201 == <HTTPStatus.BAD_REQUEST: 400>
 +  where 201 = <Response [201]>.status_code
2025-11-20 | ERROR | Error in test_create_order_invalid_name : assert 500 == <HTTPStatus.BAD_REQUEST: 400>
 +  where 500 = <Response [500]>.status_code
2025-11-20 | ERROR | Error in test_create_order_invalid_name : assert 201 == <HTTPStatus.BAD_REQUEST: 400>
 +  where 201 = <Response [201]>.status_code
2025-11-20 | ERROR | Error in test_order_by_wrong_id : assert 200 == <HTTPStatus.NOT_FOUND: 404>
 +  where 200 = <Response [200]>.status_code
2025-11-20 | ERROR | Error in test_nonexistent_page : assert 6 == 0
 +  where 6 = len([{'id': 4001, 'category': 'other', 'name': 'Iced Tea', 'isAvailable': True}, {'id': 4002, 'category': 'other', 'name': 'Hot Chocolate', 'isAvailable': True}, {'id': 4003, 'category': 'other', 'name': 'Chai Latte', 'isAvailable': True}, {'id': 4004, 'category': 'other', 'name': 'Green Tea', 'isAvailable': True}, {'id': 4005, 'category': 'other', 'name': 'Black Tea', 'isAvailable': True}, {'id': 4006, 'category': 'other', 'name': 'Herbal Tea', 'isAvailable': True}])
2025-11-20 | ERROR | Error in test_nonexistent_page : assert 7 == 10
 +  where 7 = len([{'id': 3001, 'category': 'pastry', 'name': 'Croissant', 'isAvailable': True}, {'id': 3002, 'category': 'pastry', 'name': 'Bagel', 'isAvailable': True}, {'id': 3003, 'category': 'pastry', 'name': 'Muffin', 'isAvailable': True}, {'id': 3004, 'category': 'pastry', 'name': 'Scone', 'isAvailable': True}, {'id': 3005, 'category': 'pastry', 'name': 'Danish Pastry', 'isAvailable': True}, {'id': 3006, 'category': 'pastry', 'name': 'Cinnamon Roll', 'isAvailable': True}, {'id': 3007, 'category': 'pastry', 'name': 'Apple Turnover', 'isAvailable': True}])
2025-11-20 | ERROR | Error in test_nonexistent_page : assert 10 == 0
 +  where 10 = len([{'id': 2001, 'category': 'cookie', 'name': 'Chocolate Chip', 'isAvailable': True}, {'id': 2002, 'category': 'cookie', 'name': 'Oatmeal Raisin', 'isAvailable': True}, {'id': 2003, 'category': 'cookie', 'name': 'Peanut Butter', 'isAvailable': True}, {'id': 2004, 'category': 'cookie', 'name': 'White Chocolate Macadamia', 'isAvailable': True}, {'id': 2005, 'category': 'cookie', 'name': 'Snickerdoodle', 'isAvailable': True}, {'id': 2006, 'category': 'cookie', 'name': 'Sugar Cookie', 'isAvailable': True}, {'id': 2007, 'category': 'cookie', 'name': 'Double Chocolate', 'isAvailable': True}, {'id': 2008, 'category': 'cookie', 'name': 'Gingerbread', 'isAvailable': True}, {'id': 2009, 'category': 'cookie', 'name': 'Lemon Poppy Seed', 'isAvailable': True}, {'id': 2010, 'category': 'cookie', 'name': 'Almond', 'isAvailable': True}])
2025-11-20 | ERROR | Error in test_nonexistent_limit : assert 10 == 0
 +  where 10 = len([{'id': 1001, 'category': 'coffee', 'name': 'Espresso', 'isAvailable': True}, {'id': 1002, 'category': 'coffee', 'name': 'Cappuccino', 'isAvailable': True}, {'id': 1003, 'category': 'coffee', 'name': 'Latte', 'isAvailable': True}, {'id': 1004, 'category': 'coffee', 'name': 'Americano', 'isAvailable': True}, {'id': 1005, 'category': 'coffee', 'name': 'Mocha', 'isAvailable': True}, {'id': 1006, 'category': 'coffee', 'name': 'Macchiato', 'isAvailable': True}, {'id': 1007, 'category': 'coffee', 'name': 'Cortado', 'isAvailable': True}, {'id': 1008, 'category': 'coffee', 'name': 'Flat White', 'isAvailable': True}, {'id': 1009, 'category': 'coffee', 'name': 'Iced Coffee', 'isAvailable': True}, {'id': 1010, 'category': 'coffee', 'name': 'Cold Brew', 'isAvailable': True}])
2025-11-20 | ERROR | Error in test_nonexistent_limit : assert 10 == 0
 +  where 10 = len([{'id': 1001, 'category': 'coffee', 'name': 'Espresso', 'isAvailable': True}, {'id': 1002, 'category': 'coffee', 'name': 'Cappuccino', 'isAvailable': True}, {'id': 1003, 'category': 'coffee', 'name': 'Latte', 'isAvailable': True}, {'id': 1004, 'category': 'coffee', 'name': 'Americano', 'isAvailable': True}, {'id': 1005, 'category': 'coffee', 'name': 'Mocha', 'isAvailable': True}, {'id': 1006, 'category': 'coffee', 'name': 'Macchiato', 'isAvailable': True}, {'id': 1007, 'category': 'coffee', 'name': 'Cortado', 'isAvailable': True}, {'id': 1008, 'category': 'coffee', 'name': 'Flat White', 'isAvailable': True}, {'id': 1009, 'category': 'coffee', 'name': 'Iced Coffee', 'isAvailable': True}, {'id': 1010, 'category': 'coffee', 'name': 'Cold Brew', 'isAvailable': True}])
2025-11-20 | ERROR | Error in test_nonexistent_limit : assert 10 == 0
 +  where 10 = len([{'id': 1001, 'category': 'coffee', 'name': 'Espresso', 'isAvailable': True}, {'id': 1002, 'category': 'coffee', 'name': 'Cappuccino', 'isAvailable': True}, {'id': 1003, 'category': 'coffee', 'name': 'Latte', 'isAvailable': True}, {'id': 1004, 'category': 'coffee', 'name': 'Americano', 'isAvailable': True}, {'id': 1005, 'category': 'coffee', 'name': 'Mocha', 'isAvailable': True}, {'id': 1006, 'category': 'coffee', 'name': 'Macchiato', 'isAvailable': True}, {'id': 1007, 'category': 'coffee', 'name': 'Cortado', 'isAvailable': True}, {'id': 1008, 'category': 'coffee', 'name': 'Flat White', 'isAvailable': True}, {'id': 1009, 'category': 'coffee', 'name': 'Iced Coffee', 'isAvailable': True}, {'id': 1010, 'category': 'coffee', 'name': 'Cold Brew', 'isAvailable': True}])
2025-11-20 | ERROR | Error in test_nonexistent_limit : assert 33 == 0
 +  where 33 = len([{'id': 1001, 'category': 'coffee', 'name': 'Espresso', 'isAvailable': True}, {'id': 1002, 'category': 'coffee', 'name': 'Cappuccino', 'isAvailable': True}, {'id': 1003, 'category': 'coffee', 'name': 'Latte', 'isAvailable': True}, {'id': 1004, 'category': 'coffee', 'name': 'Americano', 'isAvailable': True}, {'id': 1005, 'category': 'coffee', 'name': 'Mocha', 'isAvailable': True}, {'id': 1006, 'category': 'coffee', 'name': 'Macchiato', 'isAvailable': True}, {'id': 1007, 'category': 'coffee', 'name': 'Cortado', 'isAvailable': True}, {'id': 1008, 'category': 'coffee', 'name': 'Flat White', 'isAvailable': True}, {'id': 1009, 'category': 'coffee', 'name': 'Iced Coffee', 'isAvailable': True}, {'id': 1010, 'category': 'coffee', 'name': 'Cold Brew', 'isAvailable': True}, {'id': 2001, 'category': 'cookie', 'name': 'Chocolate Chip', 'isAvailable': True}, {'id': 2002, 'category': 'cookie', 'name': 'Oatmeal Raisin', 'isAvailable': True}, {'id': 2003, 'category': 'cookie', 'name': 'Peanut Butter', 'isAvailable': True}, {'id': 2004, 'category': 'cookie', 'name': 'White Chocolate Macadamia', 'isAvailable': True}, {'id': 2005, 'category': 'cookie', 'name': 'Snickerdoodle', 'isAvailable': True}, {'id': 2006, 'category': 'cookie', 'name': 'Sugar Cookie', 'isAvailable': True}, {'id': 2007, 'category': 'cookie', 'name': 'Double Chocolate', 'isAvailable': True}, {'id': 2008, 'category': 'cookie', 'name': 'Gingerbread', 'isAvailable': True}, {'id': 2009, 'category': 'cookie', 'name': 'Lemon Poppy Seed', 'isAvailable': True}, {'id': 2010, 'category': 'cookie', 'name': 'Almond', 'isAvailable': True}, {'id': 3001, 'category': 'pastry', 'name': 'Croissant', 'isAvailable': True}, {'id': 3002, 'category': 'pastry', 'name': 'Bagel', 'isAvailable': True}, {'id': 3003, 'category': 'pastry', 'name': 'Muffin', 'isAvailable': True}, {'id': 3004, 'category': 'pastry', 'name': 'Scone', 'isAvailable': True}, {'id': 3005, 'category': 'pastry', 'name': 'Danish Pastry', 'isAvailable': True}, {'id': 3006, 'category': 'pastry', 'name': 'Cinnamon Roll', 'isAvailable': True}, {'id': 3007, 'category': 'pastry', 'name': 'Apple Turnover', 'isAvailable': True}, {'id': 4001, 'category': 'other', 'name': 'Iced Tea', 'isAvailable': True}, {'id': 4002, 'category': 'other', 'name': 'Hot Chocolate', 'isAvailable': True}, {'id': 4003, 'category': 'other', 'name': 'Chai Latte', 'isAvailable': True}, {'id': 4004, 'category': 'other', 'name': 'Green Tea', 'isAvailable': True}, {'id': 4005, 'category': 'other', 'name': 'Black Tea', 'isAvailable': True}, {'id': 4006, 'category': 'other', 'name': 'Herbal Tea', 'isAvailable': True}])
2025-11-20 | ERROR | Error in test_register_invalid_user : 'body' must be a bytes-like object, file-like object, or iterable. Instead was 12345
2025-11-20 | ERROR | Error in test_register_invalid_user : 'body' must be a bytes-like object, file-like object, or iterable. Instead was True
2025-11-20 | ERROR | Error in test_invalid_products_for_order : assert 201 == <HTTPStatus.BAD_REQUEST: 400>
 +  where 201 = <Response [201]>.status_code
2025-11-20 | ERROR | Error in test_invalid_products_for_order : assert 201 == <HTTPStatus.BAD_REQUEST: 400>
 +  where 201 = <Response [201]>.status_code
2025-11-20 | ERROR | Error in test_create_order_with_get_method : assert 200 == <HTTPStatus.METHOD_NOT_ALLOWED: 405>
 +  where 200 = <Response [200]>.status_code
 +  and   <HTTPStatus.METHOD_NOT_ALLOWED: 405> = HTTPStatus.METHOD_NOT_ALLOWED
2025-11-20 | ERROR | Error in test_create_order_wrong_method : assert 200 == <HTTPStatus.METHOD_NOT_ALLOWED: 405>
 +  where 200 = <Response [200]>.status_code
 +  and   <HTTPStatus.METHOD_NOT_ALLOWED: 405> = HTTPStatus.METHOD_NOT_ALLOWED
2025-11-20 | ERROR | Error in test_create_order_invalid_name : assert 500 == <HTTPStatus.BAD_REQUEST: 400>
 +  where 500 = <Response [500]>.status_code
2025-11-20 | ERROR | Error in test_create_order_invalid_name : assert 201 == <HTTPStatus.BAD_REQUEST: 400>
 +  where 201 = <Response [201]>.status_code
2025-11-20 | ERROR | Error in test_create_order_invalid_name : assert 500 == <HTTPStatus.BAD_REQUEST: 400>
 +  where 500 = <Response [500]>.status_code
2025-11-20 | ERROR | Error in test_create_order_invalid_name : assert 201 == <HTTPStatus.BAD_REQUEST: 400>
 +  where 201 = <Response [201]>.status_code
2025-11-20 | ERROR | Error in test_order_by_wrong_id : assert 200 == <HTTPStatus.NOT_FOUND: 404>
 +  where 200 = <Response [200]>.status_code
2025-11-21 | ERROR | Error in test_nonexistent_page : assert 10 == 0
 +  where 10 = len([{'id': 2001, 'category': 'cookie', 'name': 'Chocolate Chip', 'isAvailable': True}, {'id': 2002, 'category': 'cookie', 'name': 'Oatmeal Raisin', 'isAvailable': True}, {'id': 2003, 'category': 'cookie', 'name': 'Peanut Butter', 'isAvailable': True}, {'id': 2004, 'category': 'cookie', 'name': 'White Chocolate Macadamia', 'isAvailable': True}, {'id': 2005, 'category': 'cookie', 'name': 'Snickerdoodle', 'isAvailable': True}, {'id': 2006, 'category': 'cookie', 'name': 'Sugar Cookie', 'isAvailable': True}, {'id': 2007, 'category': 'cookie', 'name': 'Double Chocolate', 'isAvailable': True}, {'id': 2008, 'category': 'cookie', 'name': 'Gingerbread', 'isAvailable': True}, {'id': 2009, 'category': 'cookie', 'name': 'Lemon Poppy Seed', 'isAvailable': True}, {'id': 2010, 'category': 'cookie', 'name': 'Almond', 'isAvailable': True}])
2025-11-21 | ERROR | Error in test_nonexistent_page : assert 6 == 10
 +  where 6 = len([{'id': 4001, 'category': 'other', 'name': 'Iced Tea', 'isAvailable': True}, {'id': 4002, 'category': 'other', 'name': 'Hot Chocolate', 'isAvailable': True}, {'id': 4003, 'category': 'other', 'name': 'Chai Latte', 'isAvailable': True}, {'id': 4004, 'category': 'other', 'name': 'Green Tea', 'isAvailable': True}, {'id': 4005, 'category': 'other', 'name': 'Black Tea', 'isAvailable': True}, {'id': 4006, 'category': 'other', 'name': 'Herbal Tea', 'isAvailable': True}])
2025-11-21 | ERROR | Error in test_nonexistent_page : assert 6 == 0
 +  where 6 = len([{'id': 4001, 'category': 'other', 'name': 'Iced Tea', 'isAvailable': True}, {'id': 4002, 'category': 'other', 'name': 'Hot Chocolate', 'isAvailable': True}, {'id': 4003, 'category': 'other', 'name': 'Chai Latte', 'isAvailable': True}, {'id': 4004, 'category': 'other', 'name': 'Green Tea', 'isAvailable': True}, {'id': 4005, 'category': 'other', 'name': 'Black Tea', 'isAvailable': True}, {'id': 4006, 'category': 'other', 'name': 'Herbal Tea', 'isAvailable': True}])
2025-11-21 | ERROR | Error in test_nonexistent_limit : assert 10 == 0
 +  where 10 = len([{'id': 1001, 'category': 'coffee', 'name': 'Espresso', 'isAvailable': True}, {'id': 1002, 'category': 'coffee', 'name': 'Cappuccino', 'isAvailable': True}, {'id': 1003, 'category': 'coffee', 'name': 'Latte', 'isAvailable': True}, {'id': 1004, 'category': 'coffee', 'name': 'Americano', 'isAvailable': True}, {'id': 1005, 'category': 'coffee', 'name': 'Mocha', 'isAvailable': True}, {'id': 1006, 'category': 'coffee', 'name': 'Macchiato', 'isAvailable': True}, {'id': 1007, 'category': 'coffee', 'name': 'Cortado', 'isAvailable': True}, {'id': 1008, 'category': 'coffee', 'name': 'Flat White', 'isAvailable': True}, {'id': 1009, 'category': 'coffee', 'name': 'Iced Coffee', 'isAvailable': True}, {'id': 1010, 'category': 'coffee', 'name': 'Cold Brew', 'isAvailable': True}])
2025-11-21 | ERROR | Error in test_nonexistent_limit : assert 10 == 0
 +  where 10 = len([{'id': 1001, 'category': 'coffee', 'name': 'Espresso', 'isAvailable': True}, {'id': 1002, 'category': 'coffee', 'name': 'Cappuccino', 'isAvailable': True}, {'id': 1003, 'category': 'coffee', 'name': 'Latte', 'isAvailable': True}, {'id': 1004, 'category': 'coffee', 'name': 'Americano', 'isAvailable': True}, {'id': 1005, 'category': 'coffee', 'name': 'Mocha', 'isAvailable': True}, {'id': 1006, 'category': 'coffee', 'name': 'Macchiato', 'isAvailable': True}, {'id': 1007, 'category': 'coffee', 'name': 'Cortado', 'isAvailable': True}, {'id': 1008, 'category': 'coffee', 'name': 'Flat White', 'isAvailable': True}, {'id': 1009, 'category': 'coffee', 'name': 'Iced Coffee', 'isAvailable': True}, {'id': 1010, 'category': 'coffee', 'name': 'Cold Brew', 'isAvailable': True}])
2025-11-21 | ERROR | Error in test_nonexistent_limit : assert 10 == 0
 +  where 10 = len([{'id': 1001, 'category': 'coffee', 'name': 'Espresso', 'isAvailable': True}, {'id': 1002, 'category': 'coffee', 'name': 'Cappuccino', 'isAvailable': True}, {'id': 1003, 'category': 'coffee', 'name': 'Latte', 'isAvailable': True}, {'id': 1004, 'category': 'coffee', 'name': 'Americano', 'isAvailable': True}, {'id': 1005, 'category': 'coffee', 'name': 'Mocha', 'isAvailable': True}, {'id': 1006, 'category': 'coffee', 'name': 'Macchiato', 'isAvailable': True}, {'id': 1007, 'category': 'coffee', 'name': 'Cortado', 'isAvailable': True}, {'id': 1008, 'category': 'coffee', 'name': 'Flat White', 'isAvailable': True}, {'id': 1009, 'category': 'coffee', 'name': 'Iced Coffee', 'isAvailable': True}, {'id': 1010, 'category': 'coffee', 'name': 'Cold Brew', 'isAvailable': True}])
2025-11-21 | ERROR | Error in test_nonexistent_limit : assert 33 == 0
 +  where 33 = len([{'id': 1001, 'category': 'coffee', 'name': 'Espresso', 'isAvailable': True}, {'id': 1002, 'category': 'coffee', 'name': 'Cappuccino', 'isAvailable': True}, {'id': 1003, 'category': 'coffee', 'name': 'Latte', 'isAvailable': True}, {'id': 1004, 'category': 'coffee', 'name': 'Americano', 'isAvailable': True}, {'id': 1005, 'category': 'coffee', 'name': 'Mocha', 'isAvailable': True}, {'id': 1006, 'category': 'coffee', 'name': 'Macchiato', 'isAvailable': True}, {'id': 1007, 'category': 'coffee', 'name': 'Cortado', 'isAvailable': True}, {'id': 1008, 'category': 'coffee', 'name': 'Flat White', 'isAvailable': True}, {'id': 1009, 'category': 'coffee', 'name': 'Iced Coffee', 'isAvailable': True}, {'id': 1010, 'category': 'coffee', 'name': 'Cold Brew', 'isAvailable': True}, {'id': 2001, 'category': 'cookie', 'name': 'Chocolate Chip', 'isAvailable': True}, {'id': 2002, 'category': 'cookie', 'name': 'Oatmeal Raisin', 'isAvailable': True}, {'id': 2003, 'category': 'cookie', 'name': 'Peanut Butter', 'isAvailable': True}, {'id': 2004, 'category': 'cookie', 'name': 'White Chocolate Macadamia', 'isAvailable': True}, {'id': 2005, 'category': 'cookie', 'name': 'Snickerdoodle', 'isAvailable': True}, {'id': 2006, 'category': 'cookie', 'name': 'Sugar Cookie', 'isAvailable': True}, {'id': 2007, 'category': 'cookie', 'name': 'Double Chocolate', 'isAvailable': True}, {'id': 2008, 'category': 'cookie', 'name': 'Gingerbread', 'isAvailable': True}, {'id': 2009, 'category': 'cookie', 'name': 'Lemon Poppy Seed', 'isAvailable': True}, {'id': 2010, 'category': 'cookie', 'name': 'Almond', 'isAvailable': True}, {'id': 3001, 'category': 'pastry', 'name': 'Croissant', 'isAvailable': True}, {'id': 3002, 'category': 'pastry', 'name': 'Bagel', 'isAvailable': True}, {'id': 3003, 'category': 'pastry', 'name': 'Muffin', 'isAvailable': True}, {'id': 3004, 'category': 'pastry', 'name': 'Scone', 'isAvailable': True}, {'id': 3005, 'category': 'pastry', 'name': 'Danish Pastry', 'isAvailable': True}, {'id': 3006, 'category': 'pastry', 'name': 'Cinnamon Roll', 'isAvailable': True}, {'id': 3007, 'category': 'pastry', 'name': 'Apple Turnover', 'isAvailable': True}, {'id': 4001, 'category': 'other', 'name': 'Iced Tea', 'isAvailable': True}, {'id': 4002, 'category': 'other', 'name': 'Hot Chocolate', 'isAvailable': True}, {'id': 4003, 'category': 'other', 'name': 'Chai Latte', 'isAvailable': True}, {'id': 4004, 'category': 'other', 'name': 'Green Tea', 'isAvailable': True}, {'id': 4005, 'category': 'other', 'name': 'Black Tea', 'isAvailable': True}, {'id': 4006, 'category': 'other', 'name': 'Herbal Tea', 'isAvailable': True}])
2025-11-21 | ERROR | Error in test_register_invalid_user : 'body' must be a bytes-like object, file-like object, or iterable. Instead was 12345
2025-11-21 | ERROR | Error in test_register_invalid_user : 'body' must be a bytes-like object, file-like object, or iterable. Instead was True
2025-11-21 | ERROR | Error in test_invalid_products_for_order : assert 201 == <HTTPStatus.BAD_REQUEST: 400>
 +  where 201 = <Response [201]>.status_code
2025-11-21 | ERROR | Error in test_invalid_products_for_order : assert 201 == <HTTPStatus.BAD_REQUEST: 400>
 +  where 201 = <Response [201]>.status_code
2025-11-21 | ERROR | Error in test_create_order_with_get_method : assert 200 == <HTTPStatus.METHOD_NOT_ALLOWED: 405>
 +  where 200 = <Response [200]>.status_code
 +  and   <HTTPStatus.METHOD_NOT_ALLOWED: 405> = HTTPStatus.METHOD_NOT_ALLOWED
2025-11-21 | ERROR | Error in test_create_order_wrong_method : assert 200 == <HTTPStatus.METHOD_NOT_ALLOWED: 405>
 +  where 200 = <Response [200]>.status_code
 +  and   <HTTPStatus.METHOD_NOT_ALLOWED: 405> = HTTPStatus.METHOD_NOT_ALLOWED
2025-11-21 | ERROR | Error in test_create_order_invalid_name : assert 500 == <HTTPStatus.BAD_REQUEST: 400>
 +  where 500 = <Response [500]>.status_code
2025-11-21 | ERROR | Error in test_create_order_invalid_name : assert 201 == <HTTPStatus.BAD_REQUEST: 400>
 +  where 201 = <Response [201]>.status_code
2025-11-21 | ERROR | Error in test_create_order_invalid_name : assert 500 == <HTTPStatus.BAD_REQUEST: 400>
 +  where 500 = <Response [500]>.status_code
2025-11-21 | ERROR | Error in test_create_order_invalid_name : assert 201 == <HTTPStatus.BAD_REQUEST: 400>
 +  where 201 = <Response [201]>.status_code
2025-11-21 | ERROR | Error in test_order_by_wrong_id : assert 200 == <HTTPStatus.NOT_FOUND: 404>
 +  where 200 = <Response [200]>.status_code
